-- --------------------------------------------------------
-- 主机:                           127.0.0.1
-- 服务器版本:                        5.6.17 - MySQL Community Server (GPL)
-- 服务器操作系统:                      Win32
-- HeidiSQL 版本:                  9.4.0.5125
-- --------------------------------------------------------

/*!40101 SET @OLD_CHARACTER_SET_CLIENT=@@CHARACTER_SET_CLIENT */;
/*!40101 SET NAMES utf8 */;
/*!50503 SET NAMES utf8mb4 */;
/*!40014 SET @OLD_FOREIGN_KEY_CHECKS=@@FOREIGN_KEY_CHECKS, FOREIGN_KEY_CHECKS=0 */;
/*!40101 SET @OLD_SQL_MODE=@@SQL_MODE, SQL_MODE='NO_AUTO_VALUE_ON_ZERO' */;


-- 导出 zyadmin 的数据库结构
DROP DATABASE IF EXISTS `zyadmin`;
CREATE DATABASE IF NOT EXISTS `zyadmin` /*!40100 DEFAULT CHARACTER SET utf8 COLLATE utf8_unicode_ci */;
USE `zyadmin`;

-- 导出  表 zyadmin.zy_admin_access 结构
DROP TABLE IF EXISTS `zy_admin_access`;
CREATE TABLE IF NOT EXISTS `zy_admin_access` (
  `role_id` smallint(6) unsigned NOT NULL,
  `node_id` smallint(6) unsigned NOT NULL,
  `level` tinyint(1) unsigned NOT NULL,
  `pid` smallint(6) unsigned NOT NULL,
  KEY `groupId` (`role_id`),
  KEY `nodeId` (`node_id`)
) ENGINE=MyISAM DEFAULT CHARSET=utf8 ROW_FORMAT=DYNAMIC;

-- 正在导出表  zyadmin.zy_admin_access 的数据：0 rows
/*!40000 ALTER TABLE `zy_admin_access` DISABLE KEYS */;
/*!40000 ALTER TABLE `zy_admin_access` ENABLE KEYS */;

-- 导出  表 zyadmin.zy_admin_group 结构
DROP TABLE IF EXISTS `zy_admin_group`;
CREATE TABLE IF NOT EXISTS `zy_admin_group` (
  `id` smallint(3) unsigned NOT NULL AUTO_INCREMENT,
  `name` varchar(50) NOT NULL,
  `icon` varchar(255) NOT NULL COMMENT 'icon小图标',
  `sort` int(11) unsigned NOT NULL DEFAULT '0',
  `status` tinyint(1) unsigned NOT NULL DEFAULT '0',
  `remark` varchar(255) NOT NULL,
  `isdelete` tinyint(1) unsigned NOT NULL DEFAULT '0',
  `create_time` int(11) unsigned NOT NULL,
  `update_time` int(11) unsigned NOT NULL,
  PRIMARY KEY (`id`),
  KEY `sort` (`sort`)
) ENGINE=MyISAM AUTO_INCREMENT=4 DEFAULT CHARSET=utf8 ROW_FORMAT=DYNAMIC;

-- 正在导出表  zyadmin.zy_admin_group 的数据：3 rows
/*!40000 ALTER TABLE `zy_admin_group` DISABLE KEYS */;
INSERT INTO `zy_admin_group` (`id`, `name`, `icon`, `sort`, `status`, `remark`, `isdelete`, `create_time`, `update_time`) VALUES
	(1, '系统管理', '&#xe61d;', 1, 1, '', 0, 1450752856, 1475768760),
	(2, '示例', '&#xe616;', 2, 1, '', 0, 1476016712, 1476017769),
	(3, '运营管理', '&#xe63c;', 50, 1, '运营管理', 0, 1483790253, 1483790253);
/*!40000 ALTER TABLE `zy_admin_group` ENABLE KEYS */;

-- 导出  表 zyadmin.zy_admin_model 结构
DROP TABLE IF EXISTS `zy_admin_model`;
CREATE TABLE IF NOT EXISTS `zy_admin_model` (
  `id` int(11) unsigned NOT NULL AUTO_INCREMENT COMMENT '模型主键',
  `name` varchar(30) DEFAULT NULL COMMENT '模型名称',
  `description` varchar(255) DEFAULT NULL COMMENT '模型的描述',
  `tablename` char(30) DEFAULT NULL COMMENT '模型表名',
  `disabled` tinyint(1) unsigned DEFAULT '0' COMMENT '是否启用',
  `addtime` int(10) unsigned DEFAULT '0' COMMENT '添加时间',
  `sort` tinyint(3) DEFAULT '0' COMMENT '排序',
  `status` tinyint(1) unsigned NOT NULL DEFAULT '1' COMMENT '状态，1-正常 | 0-禁用',
  `isdelete` tinyint(1) unsigned NOT NULL DEFAULT '0' COMMENT '删除状态，1-删除 | 0-正常',
  `create_time` int(10) unsigned NOT NULL DEFAULT '0' COMMENT '创建时间',
  `update_time` int(10) unsigned NOT NULL DEFAULT '0' COMMENT '更新时间',
  PRIMARY KEY (`id`)
) ENGINE=MyISAM AUTO_INCREMENT=2 DEFAULT CHARSET=utf8 COMMENT='模型';

-- 正在导出表  zyadmin.zy_admin_model 的数据：1 rows
/*!40000 ALTER TABLE `zy_admin_model` DISABLE KEYS */;
INSERT INTO `zy_admin_model` (`id`, `name`, `description`, `tablename`, `disabled`, `addtime`, `sort`, `status`, `isdelete`, `create_time`, `update_time`) VALUES
	(1, 'ouyangjuntest', 'ouyangjuntest', 'ouyangjuntest', 0, 0, 0, 1, 0, 1486306451, 1486306451);
/*!40000 ALTER TABLE `zy_admin_model` ENABLE KEYS */;

-- 导出  表 zyadmin.zy_admin_model_field 结构
DROP TABLE IF EXISTS `zy_admin_model_field`;
CREATE TABLE IF NOT EXISTS `zy_admin_model_field` (
  `id` mediumint(8) unsigned NOT NULL AUTO_INCREMENT COMMENT '字段ID',
  `modelid` smallint(5) unsigned NOT NULL DEFAULT '0' COMMENT '模型ID',
  `field` varchar(30) NOT NULL COMMENT '字段',
  `name` varchar(30) NOT NULL COMMENT '名称',
  `tips` text NOT NULL COMMENT '字段提示信息',
  `css` varchar(30) NOT NULL COMMENT '表单样式名称',
  `minlength` int(10) unsigned NOT NULL DEFAULT '0' COMMENT '最小值',
  `maxlength` int(10) unsigned NOT NULL DEFAULT '0' COMMENT '最大值',
  `pattern` varchar(255) NOT NULL COMMENT '数据校验规则',
  `errortips` varchar(255) NOT NULL COMMENT '错误提示',
  `formtype` varchar(20) NOT NULL COMMENT '字段类型与定义的数据库类型映射关系',
  `setting` mediumtext NOT NULL COMMENT '字段属性数据库字段属性',
  `isunique` tinyint(1) unsigned NOT NULL DEFAULT '0' COMMENT '是否唯一',
  `disabled` tinyint(1) unsigned NOT NULL DEFAULT '0' COMMENT '是否使用',
  `isdelete` tinyint(1) unsigned NOT NULL DEFAULT '0' COMMENT '删除状态，1-删除 | 0-正常',
  PRIMARY KEY (`id`),
  KEY `modelid` (`modelid`,`disabled`),
  KEY `field` (`field`,`modelid`)
) ENGINE=MyISAM DEFAULT CHARSET=utf8 COMMENT='模型字段';

-- 正在导出表  zyadmin.zy_admin_model_field 的数据：0 rows
/*!40000 ALTER TABLE `zy_admin_model_field` DISABLE KEYS */;
/*!40000 ALTER TABLE `zy_admin_model_field` ENABLE KEYS */;

-- 导出  表 zyadmin.zy_admin_node 结构
DROP TABLE IF EXISTS `zy_admin_node`;
CREATE TABLE IF NOT EXISTS `zy_admin_node` (
  `id` smallint(6) unsigned NOT NULL AUTO_INCREMENT,
  `pid` smallint(6) unsigned NOT NULL,
  `group_id` tinyint(3) unsigned NOT NULL DEFAULT '0',
  `name` varchar(20) NOT NULL,
  `title` varchar(50) NOT NULL,
  `remark` varchar(255) NOT NULL,
  `level` tinyint(1) unsigned NOT NULL,
  `type` tinyint(1) unsigned NOT NULL DEFAULT '1' COMMENT '节点类型，1-控制器 | 0-方法',
  `sort` smallint(6) unsigned NOT NULL,
  `status` tinyint(1) NOT NULL DEFAULT '0',
  `isdelete` tinyint(1) unsigned NOT NULL DEFAULT '0',
  PRIMARY KEY (`id`),
  KEY `level` (`level`),
  KEY `pid` (`pid`),
  KEY `status` (`status`),
  KEY `name` (`name`),
  KEY `isdelete` (`isdelete`),
  KEY `sort` (`sort`),
  KEY `group_id` (`group_id`)
) ENGINE=MyISAM AUTO_INCREMENT=63 DEFAULT CHARSET=utf8 ROW_FORMAT=DYNAMIC;

-- 正在导出表  zyadmin.zy_admin_node 的数据：62 rows
/*!40000 ALTER TABLE `zy_admin_node` DISABLE KEYS */;
INSERT INTO `zy_admin_node` (`id`, `pid`, `group_id`, `name`, `title`, `remark`, `level`, `type`, `sort`, `status`, `isdelete`) VALUES
	(1, 0, 1, 'Admin', '后台管理', '后台管理，不可更改', 1, 1, 1, 1, 0),
	(2, 1, 1, 'AdminGroup', '分组管理', ' ', 2, 1, 1, 1, 0),
	(3, 1, 1, 'AdminNode', '节点管理', ' ', 2, 1, 2, 1, 0),
	(4, 1, 1, 'AdminRole', '角色管理', ' ', 2, 1, 3, 1, 0),
	(5, 1, 1, 'AdminUser', '用户管理', '', 2, 1, 4, 1, 0),
	(6, 1, 0, 'Index', '首页', '', 2, 1, 50, 1, 0),
	(7, 6, 0, 'welcome', '欢迎页', '', 3, 0, 50, 1, 0),
	(8, 6, 0, 'index', '未定义', '', 3, 0, 50, 1, 0),
	(9, 1, 2, 'Generate', '代码自动生成', '', 2, 1, 50, 1, 0),
	(10, 1, 2, 'Demo/excel', 'Excel一键导出', '', 2, 0, 2, 1, 0),
	(11, 1, 2, 'Demo/download', '下载', '', 2, 0, 3, 1, 0),
	(12, 1, 2, 'Demo/downloadImage', '远程图片下载', '', 2, 0, 4, 1, 0),
	(13, 1, 2, 'Demo/mail', '邮件发送', '', 2, 0, 5, 1, 0),
	(14, 1, 2, 'Demo/qiniu', '七牛上传', '', 2, 0, 6, 1, 0),
	(15, 1, 2, 'Demo/hashids', 'ID加密', '', 2, 0, 7, 1, 0),
	(16, 1, 2, 'Demo/layer', '丰富弹层', '', 2, 0, 8, 1, 0),
	(17, 1, 2, 'Demo/tableFixed', '表格溢出', '', 2, 0, 9, 1, 0),
	(18, 1, 2, 'Demo/ueditor', '百度编辑器', '', 2, 0, 10, 1, 0),
	(19, 1, 2, 'Demo/imageUpload', '图片上传', '', 2, 0, 11, 1, 0),
	(20, 1, 2, 'Demo/qrcode', '二维码生成', '', 2, 0, 12, 1, 0),
	(21, 1, 1, 'NodeMap', '节点图', '', 2, 1, 5, 1, 0),
	(22, 1, 1, 'WebLog', '操作日志', '', 2, 1, 6, 1, 0),
	(23, 1, 1, 'LoginLog', '登录日志', '', 2, 1, 7, 1, 0),
	(24, 23, 0, 'index', '首页', '', 3, 0, 50, 1, 0),
	(25, 22, 0, 'index', '列表', '', 3, 0, 50, 1, 0),
	(26, 22, 0, 'detail', '详情', '', 3, 0, 50, 1, 0),
	(27, 21, 0, 'load', '自动导入', '', 3, 0, 50, 1, 0),
	(28, 21, 0, 'index', '首页', '', 3, 0, 50, 1, 0),
	(29, 21, 0, 'add', '添加', '', 3, 0, 50, 1, 0),
	(30, 21, 0, 'edit', '编辑', '', 3, 0, 50, 1, 0),
	(31, 21, 0, 'deleteForever', '永久删除', '', 3, 0, 50, 1, 0),
	(32, 9, 0, 'index', '首页', '', 3, 0, 50, 1, 0),
	(33, 9, 0, 'generate', '生成方法', '', 3, 0, 50, 1, 0),
	(34, 5, 0, 'password', '修改密码', '', 3, 0, 50, 1, 0),
	(35, 5, 0, 'index', '首页', '', 3, 0, 50, 1, 0),
	(36, 5, 0, 'add', '添加', '', 3, 0, 50, 1, 0),
	(37, 5, 0, 'edit', '编辑', '', 3, 0, 50, 1, 0),
	(38, 4, 0, 'user', '用户列表', '', 3, 0, 50, 1, 0),
	(39, 4, 0, 'access', '授权', '', 3, 0, 50, 1, 0),
	(40, 4, 0, 'index', '首页', '', 3, 0, 50, 1, 0),
	(41, 4, 0, 'add', '添加', '', 3, 0, 50, 1, 0),
	(42, 4, 0, 'edit', '编辑', '', 3, 0, 50, 1, 0),
	(43, 4, 0, 'forbid', '默认禁用操作', '', 3, 0, 50, 1, 0),
	(44, 4, 0, 'resume', '默认恢复操作', '', 3, 0, 50, 1, 0),
	(45, 3, 0, 'load', '节点快速导入', '', 3, 0, 50, 1, 0),
	(46, 3, 0, 'index', '首页', '', 3, 0, 50, 1, 0),
	(47, 3, 0, 'add', '添加', '', 3, 0, 50, 1, 0),
	(48, 3, 0, 'edit', '编辑', '', 3, 0, 50, 1, 0),
	(49, 3, 0, 'forbid', '默认禁用操作', '', 3, 0, 50, 1, 0),
	(50, 3, 0, 'resume', '默认恢复操作', '', 3, 0, 50, 1, 0),
	(51, 2, 0, 'index', '首页', '', 3, 0, 50, 1, 0),
	(52, 2, 0, 'add', '添加', '', 3, 0, 50, 1, 0),
	(53, 2, 0, 'edit', '编辑', '', 3, 0, 50, 1, 0),
	(54, 2, 0, 'forbid', '默认禁用操作', '', 3, 0, 50, 1, 0),
	(55, 2, 0, 'resume', '默认恢复操作', '', 3, 0, 50, 1, 0),
	(56, 1, 2, 'one', '多级菜单演示', '', 2, 1, 13, 1, 0),
	(57, 56, 2, 'two', '三级菜单', '', 3, 1, 1, 1, 0),
	(58, 57, 2, 'three', '四级菜单', '', 4, 0, 1, 1, 0),
	(59, 1, 3, 'AdminModel', '模型管理', '', 2, 1, 50, 1, 0),
	(60, 59, 0, 'index', '首页', '', 3, 0, 50, 1, 0),
	(61, 59, 0, 'add', '添加', '', 3, 0, 50, 1, 0),
	(62, 59, 0, 'edit', '编辑', '', 3, 0, 50, 1, 0);
/*!40000 ALTER TABLE `zy_admin_node` ENABLE KEYS */;

-- 导出  表 zyadmin.zy_admin_node_load 结构
DROP TABLE IF EXISTS `zy_admin_node_load`;
CREATE TABLE IF NOT EXISTS `zy_admin_node_load` (
  `id` int(10) unsigned NOT NULL AUTO_INCREMENT COMMENT 'ID',
  `title` varchar(255) NOT NULL COMMENT '标题',
  `name` varchar(255) NOT NULL COMMENT '名称',
  `status` tinyint(4) unsigned NOT NULL DEFAULT '1' COMMENT '状态',
  PRIMARY KEY (`id`)
) ENGINE=InnoDB AUTO_INCREMENT=8 DEFAULT CHARSET=utf8 COMMENT='节点快速导入';

-- 正在导出表  zyadmin.zy_admin_node_load 的数据：~4 rows (大约)
/*!40000 ALTER TABLE `zy_admin_node_load` DISABLE KEYS */;
INSERT INTO `zy_admin_node_load` (`id`, `title`, `name`, `status`) VALUES
	(4, '编辑', 'edit', 1),
	(5, '添加', 'add', 1),
	(6, '首页', 'index', 1),
	(7, '删除', 'delete', 1);
/*!40000 ALTER TABLE `zy_admin_node_load` ENABLE KEYS */;

-- 导出  表 zyadmin.zy_admin_role 结构
DROP TABLE IF EXISTS `zy_admin_role`;
CREATE TABLE IF NOT EXISTS `zy_admin_role` (
  `id` smallint(6) unsigned NOT NULL AUTO_INCREMENT,
  `pid` smallint(6) unsigned NOT NULL,
  `name` varchar(20) NOT NULL,
  `remark` varchar(255) NOT NULL,
  `status` tinyint(1) unsigned NOT NULL DEFAULT '1',
  `isdelete` tinyint(1) unsigned NOT NULL DEFAULT '0',
  `create_time` int(11) unsigned NOT NULL,
  `update_time` int(11) unsigned NOT NULL,
  PRIMARY KEY (`id`),
  KEY `parentId` (`pid`),
  KEY `status` (`status`),
  KEY `isdelete` (`isdelete`)
) ENGINE=MyISAM AUTO_INCREMENT=5 DEFAULT CHARSET=utf8 ROW_FORMAT=DYNAMIC;

-- 正在导出表  zyadmin.zy_admin_role 的数据：2 rows
/*!40000 ALTER TABLE `zy_admin_role` DISABLE KEYS */;
INSERT INTO `zy_admin_role` (`id`, `pid`, `name`, `remark`, `status`, `isdelete`, `create_time`, `update_time`) VALUES
	(1, 0, '领导组', ' ', 1, 0, 1208784792, 1254325558),
	(2, 0, '网编组', ' ', 1, 0, 1215496283, 1454049929);
/*!40000 ALTER TABLE `zy_admin_role` ENABLE KEYS */;

-- 导出  表 zyadmin.zy_admin_role_user 结构
DROP TABLE IF EXISTS `zy_admin_role_user`;
CREATE TABLE IF NOT EXISTS `zy_admin_role_user` (
  `role_id` mediumint(9) unsigned DEFAULT NULL,
  `user_id` char(32) DEFAULT NULL,
  KEY `group_id` (`role_id`),
  KEY `user_id` (`user_id`)
) ENGINE=MyISAM DEFAULT CHARSET=utf8 ROW_FORMAT=FIXED;

-- 正在导出表  zyadmin.zy_admin_role_user 的数据：1 rows
/*!40000 ALTER TABLE `zy_admin_role_user` DISABLE KEYS */;
INSERT INTO `zy_admin_role_user` (`role_id`, `user_id`) VALUES
	(1, '2');
/*!40000 ALTER TABLE `zy_admin_role_user` ENABLE KEYS */;

-- 导出  表 zyadmin.zy_admin_user 结构
DROP TABLE IF EXISTS `zy_admin_user`;
CREATE TABLE IF NOT EXISTS `zy_admin_user` (
  `id` mediumint(8) unsigned NOT NULL AUTO_INCREMENT,
  `account` char(32) NOT NULL,
  `realname` varchar(255) NOT NULL,
  `password` char(32) NOT NULL,
  `last_login_time` int(11) unsigned NOT NULL DEFAULT '0',
  `last_login_ip` char(15) NOT NULL,
  `login_count` mediumint(8) unsigned NOT NULL DEFAULT '0',
  `email` varchar(50) NOT NULL,
  `mobile` char(11) NOT NULL,
  `remark` varchar(255) NOT NULL,
  `status` tinyint(1) unsigned NOT NULL DEFAULT '1',
  `isdelete` tinyint(1) unsigned NOT NULL DEFAULT '0',
  `create_time` int(11) unsigned NOT NULL,
  `update_time` int(11) unsigned NOT NULL,
  PRIMARY KEY (`id`),
  KEY `accountpassword` (`account`,`password`)
) ENGINE=MyISAM AUTO_INCREMENT=3 DEFAULT CHARSET=utf8 ROW_FORMAT=DYNAMIC;

-- 正在导出表  zyadmin.zy_admin_user 的数据：2 rows
/*!40000 ALTER TABLE `zy_admin_user` DISABLE KEYS */;
INSERT INTO `zy_admin_user` (`id`, `account`, `realname`, `password`, `last_login_time`, `last_login_ip`, `login_count`, `email`, `mobile`, `remark`, `status`, `isdelete`, `create_time`, `update_time`) VALUES
	(1, 'admin', '超级管理员', '670b14728ad9902aecba32e22fa4f6bd', 1486276192, '127.0.0.1', 337, 'tianpian0805@gmail.com', '13121126169', '我是超级管理员', 1, 0, 1222907803, 1451033528),
	(2, 'demo', '测试', 'e10adc3949ba59abbe56e057f20f883e', 1477404006, '127.0.0.1', 2, '', '', '', 1, 0, 1476777133, 1477399793);
/*!40000 ALTER TABLE `zy_admin_user` ENABLE KEYS */;

-- 导出  表 zyadmin.zy_file 结构
DROP TABLE IF EXISTS `zy_file`;
CREATE TABLE IF NOT EXISTS `zy_file` (
  `id` int(10) unsigned NOT NULL AUTO_INCREMENT,
  `cate` tinyint(3) unsigned NOT NULL DEFAULT '1' COMMENT '文件类型，1-image | 2-file',
  `name` varchar(255) NOT NULL COMMENT '文件名',
  `original` varchar(255) NOT NULL DEFAULT '' COMMENT '原文件名',
  `domain` varchar(255) NOT NULL,
  `type` varchar(255) NOT NULL,
  `size` int(10) unsigned NOT NULL DEFAULT '0',
  `mtime` int(10) unsigned NOT NULL,
  PRIMARY KEY (`id`)
) ENGINE=InnoDB DEFAULT CHARSET=utf8;

-- 正在导出表  zyadmin.zy_file 的数据：~0 rows (大约)
/*!40000 ALTER TABLE `zy_file` DISABLE KEYS */;
/*!40000 ALTER TABLE `zy_file` ENABLE KEYS */;

-- 导出  表 zyadmin.zy_login_log 结构
DROP TABLE IF EXISTS `zy_login_log`;
CREATE TABLE IF NOT EXISTS `zy_login_log` (
  `id` int(10) unsigned NOT NULL AUTO_INCREMENT,
  `uid` mediumint(8) unsigned NOT NULL,
  `login_ip` char(15) NOT NULL,
  `login_location` varchar(255) NOT NULL,
  `login_browser` varchar(255) NOT NULL,
  `login_os` varchar(255) NOT NULL,
  `login_time` timestamp NOT NULL DEFAULT CURRENT_TIMESTAMP ON UPDATE CURRENT_TIMESTAMP,
  PRIMARY KEY (`id`),
  KEY `uid` (`uid`)
) ENGINE=InnoDB AUTO_INCREMENT=666 DEFAULT CHARSET=utf8;

-- 正在导出表  zyadmin.zy_login_log 的数据：~659 rows (大约)
/*!40000 ALTER TABLE `zy_login_log` DISABLE KEYS */;
INSERT INTO `zy_login_log` (`id`, `uid`, `login_ip`, `login_location`, `login_browser`, `login_os`, `login_time`) VALUES
	(1, 2, '127.0.0.1', '本机地址 本机地址  ', 'Chrome(52.0.2743.116)', 'Linux', '2016-10-06 11:16:21'),
	(2, 1, '127.0.0.1', '本机地址 本机地址  ', 'Chrome(52.0.2743.116)', 'Linux', '2016-10-06 11:21:19'),
	(3, 1, '127.0.0.1', '本机地址 本机地址  ', 'Chrome(52.0.2743.116)', 'Linux', '2016-10-07 12:23:27'),
	(4, 1, '127.0.0.1', '本机地址 本机地址  ', 'Chrome(52.0.2743.116)', 'Linux', '2016-10-13 21:00:42'),
	(5, 1, '127.0.0.1', '本机地址 本机地址  ', 'Chrome(52.0.2743.116)', 'Linux', '2016-10-07 13:08:52'),
	(6, 1, '127.0.0.1', '本机地址 本机地址  ', 'Chrome(52.0.2743.116)', 'Linux', '2016-10-07 13:09:18'),
	(7, 1, '127.0.0.1', '本机地址 本机地址  ', 'Chrome(52.0.2743.116)', 'Linux', '2016-10-07 13:10:31'),
	(8, 1, '127.0.0.1', '本机地址 本机地址  ', 'Chrome(52.0.2743.116)', 'Linux', '2016-10-07 13:21:33'),
	(9, 1, '127.0.0.1', '本机地址 本机地址  ', 'Chrome(52.0.2743.116)', 'Linux', '2016-10-07 13:23:38'),
	(10, 2, '127.0.0.1', '本机地址 本机地址  ', 'Chrome(52.0.2743.116)', 'Linux', '2016-10-07 15:29:17'),
	(11, 1, '127.0.0.1', '本机地址 本机地址  ', 'Chrome(52.0.2743.116)', 'Linux', '2016-10-08 19:14:21'),
	(12, 1, '127.0.0.1', '本机地址 本机地址  ', 'Chrome(52.0.2743.116)', 'Linux', '2016-10-09 20:17:26'),
	(13, 1, '127.0.0.1', '本机地址 本机地址  ', 'Chrome(51.0.2704.84)', 'Linux', '2016-10-11 09:09:43'),
	(14, 1, '127.0.0.1', '本机地址 本机地址  ', 'Chrome(51.0.2704.84)', 'Linux', '2016-10-13 09:16:51'),
	(15, 1, '124.193.250.90', '中国 北京 北京 ', 'Chrome(51.0.2704.84)', 'Linux', '2016-10-13 16:25:47'),
	(16, 1, '124.205.212.24', '中国 北京 北京 ', 'Chrome(52.0.2743.116)', 'Linux', '2016-10-13 19:28:22'),
	(17, 1, '124.205.212.24', '中国 北京 北京 ', 'Chrome(52.0.2743.116)', 'Linux', '2016-10-13 19:29:49'),
	(18, 1, '202.105.124.225', '中国 广东 深圳 ', 'IE(11.0)', 'Windows 7', '2016-10-13 19:54:22'),
	(19, 1, '123.120.79.81', '中国 北京 北京 ', '未知浏览器()', '未知操作系统', '2016-10-13 20:13:46'),
	(20, 1, '111.194.246.67', '中国 北京 北京 ', 'IE(8.0)', 'Windows 7', '2016-10-13 20:16:39'),
	(21, 1, '223.21.189.106', '中国 北京 北京 ', 'IE(7.0)', 'Windows 7', '2016-10-13 20:17:25'),
	(22, 1, '115.207.34.53', '中国 浙江 衢州 ', 'Firefox(49.0)', 'Windows 7', '2016-10-13 20:19:05'),
	(23, 1, '171.10.15.203', '中国 河南  ', 'Chrome(37.0.0.0)', 'Linux', '2016-10-13 20:22:46'),
	(24, 1, '119.0.6.101', '中国 贵州 黔东南苗族侗族自治州 ', 'Chrome(50.0.2661.102)', 'Windows 7', '2016-10-13 20:41:29'),
	(25, 1, '118.254.74.183', '中国 湖南 张家界 ', 'Chrome(44.0.2403.157)', 'Windows 7', '2016-10-13 20:41:41'),
	(26, 1, '182.150.155.31', '中国 四川 成都 ', '傲游(4.9.2.1000)', 'Windows 10', '2016-10-13 20:43:15'),
	(27, 1, '59.59.81.30', '中国 福建 漳州 ', 'IE(7.0)', 'Windows 7', '2016-10-13 20:43:51'),
	(28, 1, '182.18.104.80', '中国 北京 北京 ', 'Firefox(49.0)', 'Windows 7', '2016-10-13 20:45:21'),
	(29, 1, '115.156.193.168', '中国 湖北 武汉 ', 'Chrome(43.0.2357.81)', 'Linux', '2016-10-13 20:47:02'),
	(30, 1, '58.248.232.210', '中国 广东 广州 ', 'Chrome(53.0.2785.116)', 'Windows NT', '2016-10-13 20:51:39'),
	(31, 1, '124.205.212.28', '中国 北京 北京 ', 'Chrome(55.0.2868.0)', 'Windows 8', '2016-10-13 20:51:53'),
	(32, 1, '115.34.11.219', '中国 北京 北京 ', 'Chrome(42.0.2311.154)', 'Windows NT', '2016-10-13 20:52:53'),
	(33, 1, '117.139.67.46', '中国 四川 达州 ', 'Chrome(47.0.2526.108)', 'Windows 7', '2016-10-13 21:02:26'),
	(34, 1, '106.38.206.170', '中国 北京 北京 ', 'Firefox(47.0)', 'Windows 7', '2016-10-13 21:03:20'),
	(35, 1, '120.85.85.245', '中国 广东 广州 ', 'Chrome(53.0.2785.143)', 'Windows 10', '2016-10-13 21:03:35'),
	(36, 1, '182.86.240.18', '中国 江西 吉安 ', 'IE(7.0)', 'Windows 7', '2016-10-13 21:03:40'),
	(37, 1, '122.239.66.22', '中国 浙江 温州 ', 'IE(7.0)', 'Windows 7', '2016-10-13 21:05:55'),
	(38, 1, '125.46.222.246', '中国 河南 郑州 ', 'Chrome(53.0.2785.113)', 'Windows 7', '2016-10-13 21:08:03'),
	(39, 1, '119.131.77.67', '中国 广东 广州 ', 'Chrome(53.0.2785.143)', 'Windows 7', '2016-10-13 21:08:13'),
	(40, 1, '115.44.99.173', '中国 广东 深圳 ', 'Chrome(53.0.2785.116)', '未知操作系统', '2016-10-13 21:08:21'),
	(41, 1, '122.192.20.32', '中国 江苏 徐州 ', 'Chrome(37.0.0.0)', 'Linux', '2016-10-13 21:09:02'),
	(42, 1, '111.207.160.68', '中国 北京 北京 ', 'Chrome(54.0.2840.59)', 'Windows 7', '2016-10-13 21:11:09'),
	(43, 1, '58.33.32.216', '中国 上海 上海 ', 'Chrome(49.0.2623.22)', 'Windows 10', '2016-10-13 21:14:50'),
	(44, 1, '42.91.164.249', '中国 甘肃 兰州 ', 'IE(7.0)', 'Windows 10', '2016-10-13 21:19:20'),
	(45, 1, '175.189.125.116', '中国 湖北 武汉 ', 'Chrome(51.0.2704.106)', 'Windows 10', '2016-10-13 21:19:43'),
	(46, 1, '121.4.142.218', '中国 北京 北京 ', 'Chrome(37.0.0.0)', 'Linux', '2016-10-13 21:21:33'),
	(47, 1, '223.73.57.43', '中国 广东 广州 ', 'Chrome(49.0.2623.22)', 'Windows 10', '2016-10-13 21:31:36'),
	(48, 1, '123.169.18.73', '中国 山东 烟台 ', 'Chrome(53.0.2785.143)', 'Windows 7', '2016-10-13 21:37:00'),
	(49, 1, '183.39.45.154', '中国 广东 深圳 ', 'Chrome(53.0.2785.116)', 'Windows 7', '2016-10-13 21:39:45'),
	(50, 1, '223.73.116.16', '中国 广东 广州 ', 'Chrome(50.0.2661.95)', 'Windows 95', '2016-10-13 21:41:02'),
	(51, 1, '59.41.69.106', '中国 广东 广州 ', 'Chrome(53.0.2785.89)', 'Windows 7', '2016-10-13 21:41:48'),
	(52, 1, '39.188.150.8', '中国 浙江 嘉兴 ', 'Firefox(47.0)', 'Windows 10', '2016-10-13 21:51:06'),
	(53, 1, '117.67.220.202', '中国 安徽 合肥 ', 'Chrome(53.0.2785.113)', 'Windows 7', '2016-10-13 21:52:21'),
	(54, 1, '220.163.113.6', '中国 云南 昆明 ', 'IE(7.0)', 'Windows 10', '2016-10-13 21:54:05'),
	(55, 1, '111.196.83.185', '中国 北京 北京 ', 'Chrome(37.0.0.0)', 'Linux', '2016-10-13 21:55:07'),
	(56, 1, '124.79.56.129', '中国 上海 上海 ', 'IE(8.0)', 'Windows 7', '2016-10-13 21:56:47'),
	(57, 1, '49.80.92.187', '中国 江苏 常州 ', 'Chrome(47.0.2526.106)', 'Windows 7', '2016-10-13 21:59:25'),
	(58, 1, '61.188.32.240', '中国 四川 德阳 ', 'Chrome(50.0.2661.95)', 'Windows 95', '2016-10-13 22:03:58'),
	(59, 1, '14.23.233.120', '中国 广东 广州 ', 'IE(8.0)', 'Windows 7', '2016-10-13 22:04:01'),
	(60, 1, '111.37.25.162', '中国 山东 菏泽 ', '未知浏览器()', '未知操作系统', '2016-10-13 22:05:31'),
	(61, 1, '113.240.234.211', '中国 湖南 长沙 ', 'IE(8.0)', 'Windows 7', '2016-10-13 22:16:18'),
	(62, 1, '113.246.93.189', '中国 湖南 长沙 ', 'Firefox(49.0)', 'Windows 8', '2016-10-13 22:18:48'),
	(63, 1, '123.149.75.154', '中国 河南 郑州 ', 'Chrome(45.0.2454.85)', 'Windows 7', '2016-10-13 22:19:34'),
	(64, 1, '115.207.34.53', '中国 浙江 衢州 ', 'Firefox(49.0)', 'Windows 7', '2016-10-13 22:19:43'),
	(65, 1, '58.61.80.187', '中国 广东 深圳 ', 'IE(7.0)', 'Windows 7', '2016-10-13 22:20:07'),
	(66, 1, '183.39.3.247', '中国 广东 深圳 ', 'Chrome(49.0.2623.110)', 'Windows 10', '2016-10-13 22:22:30'),
	(67, 1, '223.73.57.43', '中国 广东 广州 ', 'Chrome(49.0.2623.22)', 'Windows 10', '2016-10-13 22:23:37'),
	(68, 1, '124.205.212.186', '中国 北京 北京 ', 'Chrome(39.0.2171.95)', 'Windows 95', '2016-10-13 22:26:16'),
	(69, 1, '123.149.23.41', '中国 河南 郑州 ', 'Chrome(35.0.1916.153)', 'Windows 7', '2016-10-13 22:32:26'),
	(70, 1, '123.149.3.54', '中国 河南 郑州 ', 'IE(7.0)', 'Windows 7', '2016-10-13 22:38:28'),
	(71, 1, '36.96.58.69', '中国 新疆 哈密地区 ', 'IE(8.0)', 'Windows 7', '2016-10-13 22:38:48'),
	(72, 1, '27.38.56.63', '中国 广东 深圳 ', 'Chrome(49.0.2623.87)', 'Windows 7', '2016-10-13 22:46:21'),
	(73, 1, '121.226.40.161', '中国 江苏 南通 ', 'Chrome(38.0.2125.122)', 'Windows 7', '2016-10-13 22:46:37'),
	(74, 1, '60.216.29.29', '中国 山东 济南 ', 'Chrome(53.0.2785.116)', 'Windows 10', '2016-10-13 22:48:08'),
	(75, 1, '223.73.67.21', '中国 广东 广州 ', 'Chrome(51.0.2704.106)', 'Windows 7', '2016-10-13 22:50:29'),
	(76, 1, '121.32.198.183', '中国 广东 广州 ', 'IE(7.0)', 'Windows 7', '2016-10-13 22:50:34'),
	(77, 1, '118.29.25.115', '中国 天津 天津 ', 'Chrome(47.0.2526.80)', 'Windows 10', '2016-10-13 22:51:57'),
	(78, 1, '123.79.0.217', '中国 广西 桂林 ', 'Chrome(51.0.2704.63)', 'Windows 7', '2016-10-13 22:59:23'),
	(79, 1, '223.73.0.28', '中国 广东 深圳 ', 'Chrome(44.0.2403.130)', 'Windows 7', '2016-10-13 23:00:35'),
	(80, 1, '14.209.49.17', '中国 广东 肇庆 ', 'Chrome(46.0.2490.86)', 'Windows 7', '2016-10-13 23:01:42'),
	(81, 1, '124.126.199.162', '中国 北京 北京 ', 'Firefox(49.0)', 'Windows 10', '2016-10-13 23:02:38'),
	(82, 1, '116.22.234.33', '中国 广东 广州 ', 'IE(7.0)', 'Windows 7', '2016-10-13 23:05:49'),
	(83, 1, '222.128.173.21', '中国 北京 北京 ', 'Chrome(53.0.2785.116)', 'Windows 10', '2016-10-13 23:11:46'),
	(84, 1, '183.53.93.174', '中国 广东 东莞 ', 'IE(7.0)', 'Windows 7', '2016-10-13 23:12:31'),
	(85, 1, '101.107.77.157', '中国 广东 广州 ', 'IE(7.0)', 'Windows 7', '2016-10-13 23:13:44'),
	(86, 1, '171.214.197.50', '中国 四川 成都 ', 'Chrome(53.0.2785.143)', 'Windows 7', '2016-10-13 23:15:49'),
	(87, 1, '171.110.47.73', '中国 广西 玉林 ', 'Chrome(53.0.2785.116)', 'Windows 7', '2016-10-13 23:20:05'),
	(88, 1, '119.121.213.250', '中国 广东 汕头 ', 'IE(7.0)', 'Windows 10', '2016-10-13 23:21:11'),
	(89, 1, '222.128.153.44', '中国 北京 北京 ', '未知浏览器()', '未知操作系统', '2016-10-13 23:23:27'),
	(90, 1, '157.61.129.13', '中国 广东 汕头 ', 'Firefox(49.0)', 'Windows 7', '2016-10-13 23:24:20'),
	(91, 1, '114.61.86.170', '中国 上海 上海 ', 'Chrome(51.0.2704.106)', 'Windows 7', '2016-10-13 23:26:35'),
	(92, 1, '123.121.149.122', '中国 北京 北京 ', 'Chrome(53.0.2785.116)', 'Windows 7', '2016-10-13 23:27:41'),
	(93, 1, '223.73.53.76', '中国 广东 广州 ', 'Chrome(49.0.2623.22)', 'Windows 10', '2016-10-13 23:33:41'),
	(94, 1, '182.88.162.113', '中国 广西 南宁 ', 'Chrome(50.0.2661.75)', '未知操作系统', '2016-10-13 23:36:42'),
	(95, 1, '121.205.153.216', '中国 福建 宁德 ', 'Chrome(45.0.2454.101)', 'Windows 7', '2016-10-13 23:38:25'),
	(96, 1, '106.117.116.21', '中国 河北 石家庄 ', 'IE(9.0)', 'Windows 7', '2016-10-13 23:46:24'),
	(97, 1, '27.38.56.2', '中国 广东 深圳 ', 'Firefox(49.0)', 'Windows 10', '2016-10-13 23:53:14'),
	(98, 1, '124.205.212.114', '中国 北京 北京 ', 'Chrome(51.0.2704.106)', 'Windows 10', '2016-10-13 23:53:20'),
	(99, 1, '14.103.47.147', '中国 广东 深圳 ', 'Chrome(47.0.2526.80)', 'Windows 7', '2016-10-13 23:58:18'),
	(100, 1, '123.120.17.69', '中国 北京 北京 ', 'Chrome(53.0.2785.116)', '未知操作系统', '2016-10-14 00:05:31'),
	(101, 1, '117.34.177.170', '中国 陕西 西安 ', 'IE(9.0)', 'Windows 7', '2016-10-14 00:05:43'),
	(102, 1, '124.205.212.24', '中国 北京 北京 ', 'Chrome(52.0.2743.116)', '未知操作系统', '2016-10-14 00:08:05'),
	(103, 1, '223.74.147.145', '中国 广东 广州 ', 'Chrome(47.0.2526.80)', '未知操作系统', '2016-10-14 00:17:13'),
	(104, 1, '121.207.182.246', '中国 福建 厦门 ', 'Chrome(52.0.2743.116)', 'Windows 8', '2016-10-14 00:21:32'),
	(105, 1, '58.248.232.210', '中国 广东 广州 ', 'Chrome(53.0.2785.116)', 'Windows NT', '2016-10-14 00:26:20'),
	(106, 1, '221.218.32.113', '中国 北京 北京 ', 'Chrome(50.0.2661.102)', 'Windows NT', '2016-10-14 00:28:36'),
	(107, 1, '58.248.232.210', '中国 广东 广州 ', 'Chrome(53.0.2785.116)', 'Windows NT', '2016-10-14 00:31:02'),
	(108, 1, '14.176.201.142', '越南 越南  ', 'Firefox(49.0)', 'Linux', '2016-10-14 00:39:28'),
	(109, 1, '106.117.116.21', '中国 河北 石家庄 ', 'IE(7.0)', 'Windows 7', '2016-10-14 01:00:30'),
	(110, 1, '14.150.212.184', '中国 广东 广州 ', 'Firefox(49.0)', 'Windows 10', '2016-10-14 01:02:16'),
	(111, 1, '123.55.184.67', '中国 河南 三门峡 ', 'Chrome(53.0.2785.116)', 'Windows 10', '2016-10-14 01:07:57'),
	(112, 1, '124.31.108.206', '中国 西藏 拉萨 ', 'IE(8.0)', 'Windows 7', '2016-10-14 01:16:08'),
	(113, 1, '14.152.69.188', '中国 广东 广州 ', '未知浏览器()', 'Linux', '2016-10-14 01:46:15'),
	(114, 1, '182.18.104.192', '中国 北京 北京 ', 'Firefox(42.0)', 'Windows 7', '2016-10-14 04:11:09'),
	(115, 1, '117.174.159.75', '中国 四川 泸州 ', 'IE(7.0)', 'Windows 7', '2016-10-14 05:48:51'),
	(116, 1, '45.221.238.247', '中国 广东 深圳 ', 'IE(7.0)', 'Windows 7', '2016-10-14 07:05:18'),
	(117, 1, '103.43.185.49', '中国 北京 北京 ', 'Chrome(37.0.0.0)', 'Linux', '2016-10-14 07:45:22'),
	(118, 1, '106.121.5.92', '中国 北京 北京 ', 'Chrome(46.0.2490.85)', 'Linux', '2016-10-14 08:02:18'),
	(119, 1, '183.52.107.83', '中国 广东 江门 ', 'Firefox(49.0)', 'Windows 7', '2016-10-14 08:06:51'),
	(120, 1, '222.245.0.113', '中国 湖南 株洲 ', 'Chrome(53.0.2785.143)', 'Windows 7', '2016-10-14 08:18:37'),
	(121, 1, '123.150.105.241', '中国 天津 天津 ', 'Chrome(53.0.2785.143)', 'Windows 10', '2016-10-14 08:19:37'),
	(122, 1, '182.243.124.121', '中国 云南 普洱 ', 'Chrome(53.0.2785.143)', 'Windows 10', '2016-10-14 08:21:01'),
	(123, 1, '1.84.206.218', '中国 陕西 宝鸡 ', 'IE(7.0)', 'Windows 7', '2016-10-14 08:21:49'),
	(124, 1, '1.26.53.79', '中国 内蒙古 通辽 ', 'Chrome(53.0.2785.143)', 'Windows 10', '2016-10-14 08:25:26'),
	(125, 1, '182.148.106.227', '中国 四川 成都 ', 'IE(7.0)', 'Windows 10', '2016-10-14 08:29:22'),
	(126, 1, '122.192.255.228', '中国 江苏 连云港 ', '傲游(4.9.3.1000)', 'Windows 10', '2016-10-14 08:30:00'),
	(127, 1, '116.247.96.94', '中国 上海 上海 ', 'IE(7.0)', 'Windows XP', '2016-10-14 08:34:23'),
	(128, 1, '1.192.241.143', '中国 河南 郑州 ', 'Chrome(52.0.2743.116)', 'Windows 7', '2016-10-14 08:34:32'),
	(129, 1, '221.202.167.66', '中国 辽宁 葫芦岛 ', 'Chrome(53.0.2785.143)', 'Windows 10', '2016-10-14 08:34:43'),
	(130, 1, '111.203.248.34', '中国 北京 北京 ', '傲游(5.0.1.1700)', 'Windows 10', '2016-10-14 08:34:56'),
	(131, 1, '139.211.220.149', '中国 吉林 通化 ', 'IE(7.0)', 'Windows 10', '2016-10-14 08:35:48'),
	(132, 1, '59.38.35.86', '中国 广东 珠海 ', 'Chrome(49.0.2623.112)', 'Windows 7', '2016-10-14 08:39:10'),
	(133, 1, '222.245.0.113', '中国 湖南 株洲 ', 'Chrome(53.0.2785.143)', 'Windows 7', '2016-10-14 08:40:55'),
	(134, 1, '221.234.237.213', '中国 湖北 武汉 ', 'Chrome(53.0.2785.101)', 'Linux', '2016-10-14 08:42:30'),
	(135, 1, '115.238.81.206', '中国 浙江 杭州 ', 'Firefox(49.0)', 'Windows 7', '2016-10-14 08:42:45'),
	(136, 1, '119.57.173.135', '中国 北京 北京 ', 'Chrome(53.0.2785.116)', 'Windows 7', '2016-10-14 08:45:25'),
	(137, 1, '119.147.44.241', '中国 广东 深圳 ', 'Chrome(53.0.2785.143)', 'Windows 7', '2016-10-14 08:46:45'),
	(138, 1, '60.171.153.102', '中国 安徽 安庆 ', 'IE(7.0)', 'Windows 7', '2016-10-14 08:48:17'),
	(139, 1, '36.7.78.188', '中国 安徽 合肥 ', 'Firefox(49.0)', 'Windows 7', '2016-10-14 08:48:43'),
	(140, 1, '113.143.181.98', '中国 陕西 西安 ', 'Firefox(49.0)', 'Windows 10', '2016-10-14 08:50:04'),
	(141, 1, '112.65.46.54', '中国 上海 上海 ', 'Chrome(49.0.2623.22)', 'Windows 7', '2016-10-14 08:51:43'),
	(142, 1, '42.122.180.142', '中国 天津 天津 ', 'IE(7.0)', 'Windows 7', '2016-10-14 08:54:48'),
	(143, 1, '183.129.211.50', '中国 浙江 杭州 ', 'Chrome(53.0.2785.116)', '未知操作系统', '2016-10-14 09:02:20'),
	(144, 1, '14.17.44.217', '中国 广东 深圳 ', 'Chrome(37.0.0.0)', 'Linux', '2016-10-14 09:02:27'),
	(145, 1, '122.225.84.22', '中国 浙江 嘉兴 ', 'Firefox(49.0)', 'Windows 10', '2016-10-14 09:02:31'),
	(146, 1, '101.86.161.111', '中国 上海 上海 ', 'IE(7.0)', 'Windows 7', '2016-10-14 09:06:03'),
	(147, 1, '112.16.16.143', '中国 浙江 温州 ', 'Firefox(49.0)', 'Windows 7', '2016-10-14 09:07:52'),
	(148, 1, '121.19.186.209', '中国 河北 保定 ', 'Firefox(49.0)', 'Windows 10', '2016-10-14 09:11:10'),
	(149, 1, '180.104.187.22', '中国 江苏 徐州 ', 'Chrome(50.0.2661.102)', '未知操作系统', '2016-10-14 09:13:43'),
	(150, 1, '182.148.56.51', '中国 四川 成都 ', 'Chrome(53.0.2785.143)', 'Windows 10', '2016-10-14 09:14:05'),
	(151, 1, '101.104.9.155', '中国 广东 广州 ', 'Firefox(49.0)', 'Windows 7', '2016-10-14 09:17:37'),
	(152, 1, '113.108.121.75', '中国 广东 深圳 ', 'IE(7.0)', 'Windows 7', '2016-10-14 09:18:03'),
	(153, 1, '114.248.42.174', '中国 北京 北京 ', 'IE(7.0)', 'Windows 10', '2016-10-14 09:19:42'),
	(154, 1, '118.186.4.154', '中国 北京 北京 ', 'Chrome(53.0.2785.143)', '未知操作系统', '2016-10-14 09:20:32'),
	(155, 1, '119.137.31.223', '中国 广东 深圳 ', '未知浏览器()', '未知操作系统', '2016-10-14 09:21:38'),
	(156, 1, '113.118.244.204', '中国 广东 深圳 ', 'Firefox(48.0)', 'Windows 7', '2016-10-14 09:23:16'),
	(157, 1, '114.221.203.97', '中国 江苏 南京 ', 'Chrome(50.0.2661.95)', 'Windows 95', '2016-10-14 09:24:28'),
	(158, 1, '27.115.20.58', '中国 上海 上海 ', 'Chrome(53.0.2785.113)', 'Windows 10', '2016-10-14 09:24:30'),
	(159, 1, '182.145.101.20', '中国 四川 内江 ', 'Chrome(42.0.2311.135)', 'Windows 8', '2016-10-14 09:24:37'),
	(160, 1, '117.185.68.58', '中国 上海 上海 ', 'Chrome(47.0.2526.80)', 'Windows 7', '2016-10-14 09:25:13'),
	(161, 1, '117.185.68.58', '中国 上海 上海 ', 'Chrome(53.0.2785.116)', 'Windows 7', '2016-10-14 09:25:47'),
	(162, 1, '14.20.8.84', '中国 广东 深圳 ', 'Chrome(50.0.2661.95)', 'Windows 95', '2016-10-14 09:27:41'),
	(163, 1, '223.167.101.145', '中国 上海 上海 ', 'IE(8.0)', 'Windows 7', '2016-10-14 09:28:57'),
	(164, 1, '112.229.187.96', '中国 山东 济南 ', 'IE(7.0)', 'Windows 7', '2016-10-14 09:30:00'),
	(165, 1, '210.78.137.38', '中国 北京 北京 ', 'Chrome(28.0.1500.95)', 'Windows 95', '2016-10-14 09:30:33'),
	(166, 1, '114.255.28.139', '中国 北京 北京 ', 'IE(7.0)', 'Windows 10', '2016-10-14 09:30:48'),
	(167, 1, '42.243.109.4', '中国 云南 昆明 ', 'Firefox(49.0)', 'Windows 10', '2016-10-14 09:30:51'),
	(168, 1, '118.180.249.66', '中国 甘肃 兰州 ', 'Chrome(47.0.2526.80)', 'Windows 10', '2016-10-14 09:31:29'),
	(169, 1, '112.87.143.97', '中国 江苏 苏州 ', 'IE(7.0)', 'Windows 7', '2016-10-14 09:34:22'),
	(170, 1, '180.140.167.200', '中国 广西 南宁 ', 'Firefox(49.0)', '未知操作系统', '2016-10-14 09:35:16'),
	(171, 1, '123.235.199.114', '中国 山东 青岛 ', 'Chrome(53.0.2785.116)', 'Windows 7', '2016-10-14 09:36:36'),
	(172, 1, '180.118.205.14', '中国 江苏 镇江 ', 'IE(7.0)', 'Windows 10', '2016-10-14 09:37:00'),
	(173, 1, '27.154.45.32', '中国 福建 厦门 ', 'Chrome(45.0.2454.93)', 'Windows 7', '2016-10-14 09:37:51'),
	(174, 1, '140.207.154.14', '中国 上海 上海 ', 'Chrome(51.0.2704.84)', '未知操作系统', '2016-10-14 09:38:14'),
	(175, 1, '27.46.115.80', '中国 广东 深圳 ', 'Chrome(53.0.2785.116)', 'Windows 10', '2016-10-14 09:38:45'),
	(176, 1, '218.201.183.6', '中国 山东 临沂 ', 'IE(11.0)', 'Windows 10', '2016-10-14 09:39:00'),
	(177, 1, '124.205.209.122', '中国 北京 北京 ', 'Chrome(53.0.2785.143)', '未知操作系统', '2016-10-14 09:40:45'),
	(178, 1, '116.228.202.86', '中国 上海 上海 ', 'Firefox(49.0)', 'Windows 7', '2016-10-14 09:41:04'),
	(179, 1, '220.189.218.2', '中国 浙江 宁波 ', 'Chrome(47.0.2526.80)', 'Windows 10', '2016-10-14 09:41:49'),
	(180, 1, '123.182.241.42', '中国 河北 石家庄 ', 'IE(7.0)', 'Windows 10', '2016-10-14 09:45:43'),
	(181, 1, '36.7.64.14', '中国 安徽 合肥 ', 'IE(7.0)', 'Windows 7', '2016-10-14 09:47:31'),
	(182, 1, '144.255.34.236', '中国 山东 烟台 ', 'Firefox(49.0)', 'Windows 10', '2016-10-14 09:48:14'),
	(183, 1, '106.86.170.224', '中国 重庆 重庆 ', 'Chrome(42.0.2311.154)', 'Windows 10', '2016-10-14 09:49:00'),
	(184, 1, '1.95.29.1', '中国 北京 北京 ', 'Firefox(49.0)', 'Windows 10', '2016-10-14 09:50:45'),
	(185, 1, '116.228.209.194', '中国 上海 上海 ', 'Chrome(50.0.2661.87)', 'Windows 7', '2016-10-14 09:50:57'),
	(186, 1, '116.228.209.194', '中国 上海 上海 ', 'IE(7.0)', 'Windows NT', '2016-10-14 09:54:53'),
	(187, 1, '116.25.96.16', '中国 广东 深圳 ', 'Firefox(49.0)', 'Windows 10', '2016-10-14 09:56:42'),
	(188, 1, '119.142.85.54', '中国 广东 中山 ', 'Firefox(49.0)', 'Windows 7', '2016-10-14 09:56:56'),
	(189, 1, '219.132.152.252', '中国 广东 梅州 ', 'Chrome(53.0.2785.143)', '未知操作系统', '2016-10-14 09:58:52'),
	(190, 1, '110.84.39.140', '中国 福建 厦门 ', 'Chrome(54.0.2840.59)', 'Windows 7', '2016-10-14 10:01:01'),
	(191, 1, '218.72.252.107', '中国 浙江 衢州 ', 'Chrome(51.0.2704.106)', 'Windows 7', '2016-10-14 10:03:15'),
	(192, 1, '14.158.237.196', '中国 广东 汕头 ', 'Chrome(53.0.2785.143)', 'Windows 10', '2016-10-14 10:04:24'),
	(193, 1, '222.217.41.60', '中国 广西 柳州 ', 'Chrome(53.0.2785.143)', 'Windows 7', '2016-10-14 10:09:06'),
	(194, 1, '114.244.133.9', '中国 北京 北京 ', 'IE(7.0)', 'Windows 10', '2016-10-14 10:09:13'),
	(195, 1, '119.145.83.53', '中国 广东 广州 ', 'Firefox(49.0)', 'Windows 10', '2016-10-14 10:10:12'),
	(196, 1, '58.50.148.115', '中国 湖北 宜昌 ', 'Chrome(53.0.2785.143)', 'Windows 7', '2016-10-14 10:13:14'),
	(197, 1, '171.43.239.168', '中国 湖北 武汉 ', 'Firefox(49.0)', 'Windows 7', '2016-10-14 10:15:44'),
	(198, 1, '118.163.124.90', '中国 台湾  ', 'Chrome(53.0.2785.143)', '未知操作系统', '2016-10-14 10:17:48'),
	(199, 1, '115.206.60.136', '中国 浙江 杭州 ', 'Chrome(50.0.2661.102)', 'Windows 10', '2016-10-14 10:18:07'),
	(200, 1, '120.42.99.46', '中国 福建 厦门 ', 'Firefox(49.0)', 'Windows 7', '2016-10-14 10:22:15'),
	(201, 1, '218.88.26.66', '中国 四川 成都 ', 'Chrome(53.0.2785.116)', 'Windows NT', '2016-10-14 10:23:26'),
	(202, 1, '182.150.27.120', '中国 四川 成都 ', 'IE(7.0)', 'Windows 7', '2016-10-14 10:24:46'),
	(203, 1, '113.68.65.248', '中国 广东 广州 ', 'Chrome(50.0.2661.95)', 'Windows 95', '2016-10-14 10:25:39'),
	(204, 1, '58.20.36.79', '中国 湖南 长沙 ', 'IE(8.0)', 'Windows 7', '2016-10-14 10:27:33'),
	(205, 1, '180.175.92.175', '中国 上海 上海 ', 'Chrome(53.0.2785.143)', 'Windows 10', '2016-10-14 10:28:27'),
	(206, 1, '113.248.151.131', '中国 重庆 重庆 ', 'IE(7.0)', 'Windows 10', '2016-10-14 10:28:56'),
	(207, 1, '219.145.23.252', '中国 陕西 西安 ', 'Chrome(52.0.2743.116)', 'Windows 7', '2016-10-14 10:29:34'),
	(208, 1, '114.238.15.218', '中国 江苏 淮安 ', 'Chrome(53.0.2785.143)', 'Windows 10', '2016-10-14 10:29:35'),
	(209, 1, '211.93.3.114', '中国 宁夏 银川 ', 'IE(7.0)', 'Windows 7', '2016-10-14 10:31:48'),
	(210, 1, '222.83.177.236', '中国 广西 河池 ', 'Chrome(52.0.2743.116)', 'Windows 10', '2016-10-14 10:32:48'),
	(211, 1, '60.188.227.131', '中国 浙江 台州 ', 'Chrome(50.0.2661.102)', 'Windows 10', '2016-10-14 10:36:50'),
	(212, 1, '116.25.98.2', '中国 广东 深圳 ', 'Firefox(49.0)', 'Windows 10', '2016-10-14 10:38:21'),
	(213, 1, '118.247.145.31', '中国 北京 北京 ', 'IE(7.0)', 'Windows 10', '2016-10-14 10:38:36'),
	(214, 1, '219.134.165.232', '中国 广东 深圳 ', 'Chrome(52.0.2743.116)', 'Windows 10', '2016-10-14 10:38:38'),
	(215, 1, '113.66.148.19', '中国 广东 广州 ', 'Chrome(49.0.2623.22)', 'Windows 7', '2016-10-14 10:39:23'),
	(216, 1, '118.247.145.31', '中国 北京 北京 ', 'Chrome(51.0.2704.106)', 'Windows 10', '2016-10-14 10:41:07'),
	(217, 1, '60.253.206.106', '中国 北京 北京 ', 'Firefox(45.0)', 'Windows 7', '2016-10-14 10:42:21'),
	(218, 1, '183.156.117.204', '中国 浙江 杭州 ', 'Chrome(53.0.2785.143)', 'Windows 10', '2016-10-14 10:42:38'),
	(219, 1, '58.250.204.20', '中国 广东 深圳 ', 'Chrome(53.0.2785.113)', 'Windows 10', '2016-10-14 10:43:04'),
	(220, 1, '183.14.122.125', '中国 广东 深圳 ', 'Chrome(49.0.2623.75)', 'Windows XP', '2016-10-14 10:43:19'),
	(221, 1, '61.144.197.186', '中国 广东 深圳 ', 'Firefox(49.0)', 'Windows 7', '2016-10-14 10:43:22'),
	(222, 1, '183.15.192.44', '中国 广东 深圳 ', '未知浏览器()', '未知操作系统', '2016-10-14 10:46:47'),
	(223, 1, '36.5.182.128', '中国 安徽 合肥 ', 'Firefox(49.0)', 'Windows 10', '2016-10-14 10:48:03'),
	(224, 1, '125.122.81.46', '中国 浙江 杭州 ', 'Firefox(40.0)', 'Windows 7', '2016-10-14 10:48:27'),
	(225, 1, '183.39.153.240', '中国 广东 深圳 ', 'Chrome(54.0.2840.59)', 'Windows 7', '2016-10-14 10:48:31'),
	(226, 1, '218.17.157.203', '中国 广东 深圳 ', 'IE(8.0)', 'Windows 7', '2016-10-14 10:51:22'),
	(227, 1, '221.6.121.114', '中国 江苏 无锡 ', 'Chrome(53.0.2785.143)', 'Windows 10', '2016-10-14 10:51:55'),
	(228, 1, '113.68.64.238', '中国 广东 广州 ', 'IE(7.0)', 'Windows 10', '2016-10-14 10:52:57'),
	(229, 1, '116.228.209.194', '中国 上海 上海 ', 'Chrome(45.0.2454.93)', 'Windows NT', '2016-10-14 10:53:04'),
	(230, 1, '61.163.138.85', '中国 河南 郑州 ', 'IE(7.0)', 'Windows 10', '2016-10-14 10:59:06'),
	(231, 1, '183.196.233.193', '中国 河北 承德 ', 'Chrome(44.0.2403.157)', '未知操作系统', '2016-10-14 10:59:57'),
	(232, 1, '42.199.52.212', '中国 广东 广州 ', 'Chrome(52.0.2743.116)', 'Windows 7', '2016-10-14 11:00:39'),
	(233, 1, '113.222.192.52', '中国 湖南 株洲 ', 'Chrome(53.0.2785.143)', 'Windows 10', '2016-10-14 11:09:36'),
	(234, 1, '183.155.58.173', '中国 浙江 金华 ', 'IE(7.0)', 'Windows 10', '2016-10-14 11:11:18'),
	(235, 1, '183.39.54.185', '中国 广东 深圳 ', 'Firefox(49.0)', 'Windows 7', '2016-10-14 11:13:35'),
	(236, 1, '39.155.185.8', '中国 北京 北京 ', 'Chrome(51.0.2704.106)', 'Windows 10', '2016-10-14 11:13:49'),
	(237, 1, '221.222.186.144', '中国 北京 北京 ', 'Firefox(49.0)', 'Windows 10', '2016-10-14 11:14:04'),
	(238, 1, '180.152.10.49', '中国 上海 上海 ', 'Chrome(54.0.2840.8)', 'Windows 7', '2016-10-14 11:15:26'),
	(239, 1, '120.202.21.4', '中国 湖北 武汉 ', 'Chrome(52.0.2743.116)', 'Windows 10', '2016-10-14 11:16:27'),
	(240, 1, '112.54.13.194', '中国 辽宁 葫芦岛 ', 'Chrome(50.0.2661.102)', 'Windows 10', '2016-10-14 11:17:47'),
	(241, 1, '60.165.134.87', '中国 甘肃 白银 ', 'IE(7.0)', 'Windows 7', '2016-10-14 11:17:56'),
	(242, 1, '183.15.241.79', '中国 广东 深圳 ', 'Chrome(53.0.2785.143)', 'Windows 10', '2016-10-14 11:18:09'),
	(243, 1, '118.247.145.31', '中国 北京 北京 ', 'Chrome(51.0.2704.106)', 'Windows 10', '2016-10-14 11:18:47'),
	(244, 1, '111.202.111.220', '中国 北京 北京 ', 'Firefox(49.0)', 'Windows 10', '2016-10-14 11:19:13'),
	(245, 1, '116.25.98.2', '中国 广东 深圳 ', 'Firefox(49.0)', 'Windows 10', '2016-10-14 11:19:24'),
	(246, 1, '113.118.108.65', '中国 广东 深圳 ', 'Chrome(47.0.2526.111)', 'Windows XP', '2016-10-14 11:23:25'),
	(247, 1, '222.85.130.130', '中国 贵州 贵阳 ', 'IE(7.0)', 'Windows 7', '2016-10-14 11:31:16'),
	(248, 1, '113.232.118.104', '中国 辽宁 沈阳 ', 'Chrome(54.0.2840.59)', 'Windows 10', '2016-10-14 11:31:57'),
	(249, 1, '59.42.40.119', '中国 广东 广州 ', 'Chrome(53.0.2785.143)', 'Windows 7', '2016-10-14 11:32:24'),
	(250, 1, '125.123.86.131', '中国 浙江 嘉兴 ', 'Chrome(53.0.2785.116)', 'Windows 10', '2016-10-14 11:41:43'),
	(251, 1, '124.193.250.90', '中国 北京 北京 ', 'Chrome(51.0.2704.84)', 'Linux', '2016-10-14 11:43:16'),
	(252, 1, '111.198.75.7', '中国 北京 北京 ', '未知浏览器()', '未知操作系统', '2016-10-14 11:45:01'),
	(253, 1, '61.163.39.245', '中国 河南 信阳 ', 'Chrome(55.0.2882.4)', 'Windows 7', '2016-10-14 11:46:37'),
	(254, 1, '58.62.221.82', '中国 广东 广州 ', 'Chrome(49.0.2623.22)', 'Windows 10', '2016-10-14 11:47:06'),
	(255, 1, '183.39.53.45', '中国 广东 深圳 ', 'Firefox(49.0)', 'Windows 7', '2016-10-14 11:48:53'),
	(256, 1, '121.232.145.178', '中国 江苏 镇江 ', 'Firefox(49.0)', 'Windows NT', '2016-10-14 11:50:24'),
	(257, 1, '61.136.109.138', '中国 河南 新乡 ', 'Chrome(53.0.2785.143)', 'Windows 10', '2016-10-14 11:52:15'),
	(258, 1, '222.245.0.113', '中国 湖南 株洲 ', 'Chrome(53.0.2785.143)', 'Windows 7', '2016-10-14 11:54:25'),
	(259, 1, '120.86.59.85', '中国 广东 惠州 ', '傲游(4.4.5.3000)', 'Windows 7', '2016-10-14 11:55:23'),
	(260, 1, '175.43.158.29', '中国 福建 泉州 ', 'IE(7.0)', 'Windows 10', '2016-10-14 11:59:03'),
	(261, 1, '202.103.40.14', '中国 湖北 武汉 ', 'Chrome(45.0.2454.85)', 'Windows 7', '2016-10-14 11:59:40'),
	(262, 1, '114.216.92.122', '中国 江苏 苏州 ', 'IE(7.0)', 'Windows 7', '2016-10-14 12:00:37'),
	(263, 1, '106.114.193.150', '中国 河北 石家庄 ', 'Chrome(42.0.2311.154)', 'Windows 7', '2016-10-14 12:01:55'),
	(264, 1, '180.109.81.234', '中国 江苏 南京 ', 'Firefox(45.0)', 'Windows 7', '2016-10-14 12:11:00'),
	(265, 1, '117.30.155.83', '中国 福建 厦门 ', 'Chrome(53.0.2785.143)', '未知操作系统', '2016-10-14 12:14:45'),
	(266, 1, '101.26.84.102', '中国 河北 邯郸 ', 'IE(7.0)', 'Windows 7', '2016-10-14 12:15:55'),
	(267, 1, '120.32.165.67', '中国 福建 厦门 ', 'Chrome(50.0.2661.102)', 'Windows 8', '2016-10-14 12:35:26'),
	(268, 1, '175.43.103.221', '中国 福建 泉州 ', 'Chrome(45.0.2454.93)', 'Windows 7', '2016-10-14 12:37:07'),
	(269, 1, '59.55.178.204', '中国 江西 吉安 ', 'IE(7.0)', 'Windows 10', '2016-10-14 12:47:50'),
	(270, 1, '110.228.97.141', '中国 河北 石家庄 ', 'Firefox(49.0)', 'Windows 7', '2016-10-14 12:52:27'),
	(271, 1, '139.214.144.27', '中国 吉林 吉林市 ', 'Chrome(46.0.2490.85)', 'Linux', '2016-10-14 12:55:10'),
	(272, 1, '119.114.113.238', '中国 辽宁 鞍山 ', 'Chrome(49.0.2623.112)', 'Windows 10', '2016-10-14 13:01:22'),
	(273, 1, '60.180.164.120', '中国 浙江 温州 ', 'Chrome(52.0.2743.116)', 'Windows 7', '2016-10-14 13:01:51'),
	(274, 1, '123.139.26.146', '中国 陕西 西安 ', 'Chrome(51.0.2704.106)', 'Windows 7', '2016-10-14 13:13:35'),
	(275, 1, '144.12.103.250', '中国 山东 菏泽 ', 'IE(7.0)', 'Windows 10', '2016-10-14 13:18:41'),
	(276, 1, '180.105.133.227', '中国 江苏 连云港 ', 'Chrome(47.0.2526.80)', 'Windows 10', '2016-10-14 13:23:44'),
	(277, 1, '125.92.7.242', '中国 广东 江门 ', 'Firefox(51.0)', 'Windows 10', '2016-10-14 13:33:18'),
	(278, 1, '1.202.74.114', '中国 北京 北京 ', 'Chrome(49.0.2623.110)', 'Windows 7', '2016-10-14 13:33:27'),
	(279, 1, '171.88.167.149', '中国 四川 成都 ', 'Chrome(53.0.2785.143)', 'Windows 10', '2016-10-14 13:41:44'),
	(280, 1, '116.226.131.136', '中国 上海 上海 ', 'Chrome(50.0.2661.102)', '未知操作系统', '2016-10-14 13:44:40'),
	(281, 1, '122.191.104.95', '中国 湖北 襄阳 ', 'Chrome(52.0.2743.116)', 'Windows 7', '2016-10-14 13:47:50'),
	(282, 1, '115.212.80.90', '中国 浙江 金华 ', 'Chrome(55.0.2873.0)', 'Windows 7', '2016-10-14 13:51:07'),
	(283, 1, '218.104.171.44', '中国 广东 佛山 ', 'Chrome(53.0.2785.143)', 'Windows 10', '2016-10-14 13:52:37'),
	(284, 1, '223.155.37.183', '中国 湖南 邵阳 ', 'Chrome(53.0.2785.89)', 'Windows 10', '2016-10-14 14:01:48'),
	(285, 1, '14.104.139.114', '中国 重庆 重庆 ', '傲游(4.4.8.1000)', 'Windows NT', '2016-10-14 14:03:15'),
	(286, 1, '101.231.133.138', '中国 上海 上海 ', 'Firefox(49.0)', '未知操作系统', '2016-10-14 14:04:26'),
	(287, 1, '218.59.187.28', '中国 山东 东营 ', 'IE(7.0)', 'Windows 10', '2016-10-14 14:04:30'),
	(288, 1, '183.129.211.50', '中国 浙江 杭州 ', 'Chrome(53.0.2785.116)', 'Windows 10', '2016-10-14 14:06:17'),
	(289, 1, '119.130.189.186', '中国 广东 广州 ', 'Chrome(52.0.2743.116)', '未知操作系统', '2016-10-14 14:08:08'),
	(290, 1, '223.73.49.197', '中国 广东 河源 ', 'Chrome(37.0.0.0)', 'Linux', '2016-10-14 14:10:16'),
	(291, 1, '101.104.9.155', '中国 广东 广州 ', 'Firefox(49.0)', 'Windows 7', '2016-10-14 14:11:33'),
	(292, 1, '114.236.80.103', '中国 江苏 盐城 ', 'Chrome(53.0.2785.89)', 'Windows 7', '2016-10-14 14:13:23'),
	(293, 1, '223.93.157.191', '中国 浙江 杭州 ', 'Chrome(52.0.2743.116)', 'Windows 10', '2016-10-14 14:14:49'),
	(294, 1, '183.128.65.78', '中国 浙江 杭州 ', 'Chrome(53.0.2785.143)', 'Windows 7', '2016-10-14 14:19:17'),
	(295, 1, '27.186.134.9', '中国 河北 保定 ', 'IE(7.0)', 'Windows 10', '2016-10-14 14:19:42'),
	(296, 1, '1.69.130.88', '中国 山西 运城 ', 'IE(8.0)', 'Windows 7', '2016-10-14 14:21:51'),
	(297, 1, '58.42.247.149', '中国 贵州 贵阳 ', 'Chrome(42.0.2311.154)', 'Windows 7', '2016-10-14 14:25:17'),
	(298, 1, '27.17.36.227', '中国 湖北 武汉 ', 'IE(8.0)', 'Windows 7', '2016-10-14 14:26:41'),
	(299, 1, '218.18.138.233', '中国 广东 深圳 ', 'Chrome(53.0.2785.116)', 'Windows 7', '2016-10-14 14:30:18'),
	(300, 1, '119.166.217.250', '中国 山东 青岛 ', 'Chrome(53.0.2785.143)', 'Windows NT', '2016-10-14 14:31:10'),
	(301, 1, '112.255.5.195', '中国 山东 青岛 ', 'Chrome(55.0.2883.9)', '未知操作系统', '2016-10-14 14:33:07'),
	(302, 1, '125.70.207.133', '中国 四川 成都 ', '未知浏览器()', '未知操作系统', '2016-10-14 14:35:44'),
	(303, 1, '121.13.21.231', '中国 广东 东莞 ', 'Chrome(54.0.2840.59)', 'Windows 7', '2016-10-14 14:42:52'),
	(304, 1, '223.166.115.44', '中国 上海 上海 ', 'Firefox(49.0)', 'Windows 10', '2016-10-14 14:46:15'),
	(305, 1, '218.88.31.203', '中国 四川 成都 ', 'Chrome(54.0.2840.59)', 'Windows 10', '2016-10-14 14:47:16'),
	(306, 1, '182.149.192.20', '中国 四川 成都 ', 'Chrome(54.0.2840.59)', 'Windows 7', '2016-10-14 14:49:33'),
	(307, 1, '113.128.212.234', '中国 山东 济南 ', 'Firefox(49.0)', 'Windows NT', '2016-10-14 14:50:48'),
	(308, 1, '58.57.110.66', '中国 山东 淄博 ', 'IE(7.0)', 'Windows 10', '2016-10-14 14:51:28'),
	(309, 1, '219.136.144.48', '中国 广东 广州 ', 'Firefox(49.0)', 'Windows 10', '2016-10-14 14:53:36'),
	(310, 1, '218.26.184.125', '中国 山西 太原 ', 'IE(7.0)', 'Windows NT', '2016-10-14 14:56:37'),
	(311, 1, '112.115.242.194', '中国 云南 昆明 ', 'Chrome(54.0.2840.8)', 'Windows 10', '2016-10-14 14:56:46'),
	(312, 1, '182.242.4.153', '中国 云南 昆明 ', 'Chrome(38.0.2125.122)', 'Windows 7', '2016-10-14 14:58:24'),
	(313, 1, '1.207.35.145', '中国 贵州 黔东南苗族侗族自治州 ', 'IE(7.0)', 'Windows 7', '2016-10-14 15:00:12'),
	(314, 1, '60.186.202.124', '中国 浙江 杭州 ', 'IE(7.0)', 'Windows 10', '2016-10-14 15:06:38'),
	(315, 1, '122.194.117.58', '中国 江苏 泰州 ', 'Chrome(46.0.2490.80)', 'Windows 7', '2016-10-14 15:07:03'),
	(316, 1, '116.24.153.35', '中国 广东 深圳 ', 'Chrome(53.0.2785.116)', 'Windows 10', '2016-10-14 15:08:21'),
	(317, 1, '60.181.77.108', '中国 浙江 温州 ', 'IE(8.0)', 'Windows XP', '2016-10-14 15:10:36'),
	(318, 1, '111.207.243.161', '中国 北京 北京 ', 'Firefox(49.0)', 'Windows 7', '2016-10-14 15:11:08'),
	(319, 1, '59.58.226.31', '中国 福建 龙岩 ', 'Chrome(45.0.2454.101)', 'Windows 7', '2016-10-14 15:11:51'),
	(320, 1, '182.200.11.127', '中国 辽宁 沈阳 ', 'IE(7.0)', 'Windows 7', '2016-10-14 15:17:18'),
	(321, 1, '221.234.173.7', '中国 湖北 武汉 ', 'IE(7.0)', 'Windows 7', '2016-10-14 15:22:36'),
	(322, 1, '113.139.193.228', '中国 陕西 西安 ', '未知浏览器()', '未知操作系统', '2016-10-14 15:23:03'),
	(323, 1, '180.175.21.124', '中国 上海 上海 ', 'IE(8.0)', 'Windows XP', '2016-10-14 15:25:06'),
	(324, 1, '222.61.16.61', '中国 海南 海口 ', 'Chrome(51.0.2704.106)', 'Windows NT', '2016-10-14 15:26:37'),
	(325, 1, '222.85.178.175', '中国 贵州 贵阳 ', 'IE(11.0)', 'Windows 10', '2016-10-14 15:28:48'),
	(326, 1, '36.4.45.216', '中国 安徽 宿州 ', 'Chrome(53.0.2785.143)', 'Windows 7', '2016-10-14 15:28:59'),
	(327, 1, '180.173.42.99', '中国 上海 上海 ', 'Firefox(48.0)', '未知操作系统', '2016-10-14 15:32:57'),
	(328, 1, '183.234.48.155', '中国 广东 佛山 ', 'Chrome(50.0.2661.102)', 'Windows 7', '2016-10-14 15:33:13'),
	(329, 1, '116.248.157.14', '中国 云南 玉溪 ', 'Firefox(49.0)', 'Windows 7', '2016-10-14 15:33:52'),
	(330, 1, '182.117.145.190', '中国 河南 安阳 ', 'IE(7.0)', 'Windows 7', '2016-10-14 15:33:52'),
	(331, 1, '115.204.170.241', '中国 浙江 杭州 ', 'IE(8.0)', 'Windows 7', '2016-10-14 15:35:02'),
	(332, 1, '101.81.114.235', '中国 上海 上海 ', 'Chrome(53.0.2785.143)', 'Windows 10', '2016-10-14 15:36:50'),
	(333, 1, '36.110.43.178', '中国 北京 北京 ', 'Chrome(53.0.2785.143)', 'Windows 10', '2016-10-14 15:36:52'),
	(334, 1, '124.192.185.66', '中国 北京 北京 ', 'Chrome(56.0.2887.0)', '未知操作系统', '2016-10-14 15:37:28'),
	(335, 1, '115.226.140.214', '中国 浙江 丽水 ', 'Chrome(52.0.2743.116)', 'Windows 7', '2016-10-14 15:38:19'),
	(336, 1, '220.180.137.118', '中国 安徽 芜湖 ', 'IE(7.0)', 'Windows 7', '2016-10-14 15:39:08'),
	(337, 1, '113.118.244.239', '中国 广东 深圳 ', 'Firefox(49.0)', 'Windows 7', '2016-10-14 15:40:24'),
	(338, 1, '116.31.243.39', '中国 广东 深圳 ', 'Chrome(53.0.2785.116)', 'Windows 7', '2016-10-14 15:41:16'),
	(339, 1, '113.7.75.85', '中国 黑龙江 牡丹江 ', 'Chrome(53.0.2785.101)', 'Windows 10', '2016-10-14 15:42:06'),
	(340, 1, '180.168.139.86', '中国 上海 上海 ', 'Chrome(50.0.2661.95)', 'Windows 95', '2016-10-14 15:43:33'),
	(341, 1, '1.30.133.79', '中国 内蒙古 呼和浩特 ', 'IE(7.0)', 'Windows 8', '2016-10-14 15:47:13'),
	(342, 1, '183.204.7.37', '中国 河南 洛阳 ', 'Firefox(49.0)', 'Windows 7', '2016-10-14 15:47:31'),
	(343, 1, '123.149.210.50', '中国 河南 郑州 ', 'Edge(14.14393)', 'Windows 10', '2016-10-14 15:49:45'),
	(344, 1, '27.191.3.253', '中国 河北 唐山 ', 'Firefox(49.0)', 'Windows 7', '2016-10-14 15:49:57'),
	(345, 1, '183.39.117.27', '中国 广东 深圳 ', 'Chrome(50.0.2661.95)', 'Windows 95', '2016-10-14 15:50:37'),
	(346, 1, '182.105.109.32', '中国 江西 吉安 ', 'IE(7.0)', 'Windows 7', '2016-10-14 15:50:41'),
	(347, 1, '183.128.65.78', '中国 浙江 杭州 ', 'Chrome(53.0.2785.143)', 'Windows 7', '2016-10-14 15:51:02'),
	(348, 1, '111.19.42.214', '中国 陕西  ', 'Chrome(52.0.2729.4)', 'Windows NT', '2016-10-14 15:51:42'),
	(349, 1, '124.73.181.44', '中国 安徽 合肥 ', 'Chrome(54.0.2840.59)', 'Windows 10', '2016-10-14 15:55:38'),
	(350, 1, '125.46.11.253', '中国 河南 郑州 ', 'Chrome(52.0.2743.116)', 'Windows 10', '2016-10-14 15:55:52'),
	(351, 1, '180.106.94.37', '中国 江苏 苏州 ', 'IE(7.0)', 'Windows 7', '2016-10-14 15:57:06'),
	(352, 1, '222.172.185.114', '中国 云南 昆明 ', 'Chrome(53.0.2785.116)', 'Windows 10', '2016-10-14 15:57:49'),
	(353, 1, '119.130.228.158', '中国 广东 广州 ', 'Chrome(53.0.2785.143)', 'Windows 7', '2016-10-14 16:16:33'),
	(354, 1, '114.95.225.48', '中国 上海 上海 ', 'Firefox(49.0)', 'Windows XP', '2016-10-14 16:19:28'),
	(355, 1, '218.104.171.44', '中国 广东 佛山 ', 'Chrome(53.0.2785.143)', 'Windows 10', '2016-10-14 16:21:55'),
	(356, 1, '222.92.146.66', '中国 江苏 苏州 ', 'IE(7.0)', 'Windows 7', '2016-10-14 16:24:29'),
	(357, 1, '120.41.7.74', '中国 福建 厦门 ', 'Chrome(47.0.2526.106)', 'Windows 7', '2016-10-14 16:27:11'),
	(358, 1, '123.235.199.114', '中国 山东 青岛 ', 'Chrome(53.0.2785.116)', 'Windows 7', '2016-10-14 16:27:36'),
	(359, 1, '118.26.132.82', '中国 北京 北京 ', 'IE(7.0)', 'Windows 7', '2016-10-14 16:33:00'),
	(360, 1, '119.145.100.138', '中国 广东 东莞 ', 'Chrome(47.0.2526.80)', 'Windows 7', '2016-10-14 16:39:02'),
	(361, 1, '171.221.250.129', '中国 四川 成都 ', 'Chrome(53.0.2785.143)', '未知操作系统', '2016-10-14 16:39:56'),
	(362, 1, '123.161.248.120', '中国 河南 平顶山 ', 'Chrome(47.0.2526.73)', 'Windows 7', '2016-10-14 16:41:49'),
	(363, 1, '14.127.249.149', '中国 广东 深圳 ', 'Firefox(49.0)', '未知操作系统', '2016-10-14 16:42:25'),
	(364, 1, '221.4.215.11', '中国 广东 珠海 ', 'IE(8.0)', 'Windows 7', '2016-10-14 16:42:32'),
	(365, 1, '113.122.233.17', '中国 山东 临沂 ', 'IE(11.0)', 'Windows 10', '2016-10-14 16:44:20'),
	(366, 1, '220.171.82.58', '中国 新疆 乌鲁木齐 ', 'Chrome(47.0.2526.80)', 'Windows 7', '2016-10-14 16:49:56'),
	(367, 1, '124.127.112.226', '中国 北京 北京 ', 'IE(7.0)', 'Windows 10', '2016-10-14 16:51:02'),
	(368, 1, '223.255.33.162', '中国 北京 北京 ', 'Chrome(52.0.2743.116)', 'Windows 7', '2016-10-14 16:52:40'),
	(369, 1, '114.248.153.136', '中国 北京 北京 ', 'Chrome(52.0.2743.116)', 'Windows 10', '2016-10-14 16:54:26'),
	(370, 1, '42.236.207.243', '中国 河南 郑州 ', 'Chrome(55.0.2882.4)', 'Windows 10', '2016-10-14 16:57:15'),
	(371, 1, '180.137.40.86', '中国 广西 崇左 ', 'IE(7.0)', 'Windows 7', '2016-10-14 16:58:12'),
	(372, 1, '221.207.238.220', '中国 黑龙江 哈尔滨 ', 'IE(7.0)', 'Windows 7', '2016-10-14 16:58:24'),
	(373, 1, '123.55.185.92', '中国 河南 三门峡 ', 'Chrome(53.0.2785.116)', 'Windows 10', '2016-10-14 16:58:48'),
	(374, 1, '120.32.116.19', '中国 福建 福州 ', 'Firefox(49.0)', 'Windows 10', '2016-10-14 16:59:33'),
	(375, 1, '113.118.244.239', '中国 广东 深圳 ', 'Chrome(51.0.2704.106)', 'Windows 7', '2016-10-14 16:59:48'),
	(376, 1, '183.234.123.120', '中国 广东 梅州 ', 'Chrome(52.0.2743.116)', 'Windows 7', '2016-10-14 17:00:38'),
	(377, 1, '27.38.255.57', '中国 广东 深圳 ', 'IE(7.0)', 'Windows NT', '2016-10-14 17:02:04'),
	(378, 1, '117.75.19.171', '中国 云南 昆明 ', 'IE(8.0)', 'Windows 7', '2016-10-14 17:02:20'),
	(379, 1, '114.217.146.131', '中国 江苏 苏州 ', 'Chrome(51.0.2704.79)', 'Linux', '2016-10-14 17:04:51'),
	(380, 1, '218.93.243.98', '中国 江苏 宿迁 ', '傲游(4.4.8.2000)', 'Windows NT', '2016-10-14 17:06:39'),
	(381, 1, '180.173.216.83', '中国 上海 上海 ', 'IE(8.0)', 'Windows 7', '2016-10-14 17:08:41'),
	(382, 1, '117.83.57.53', '中国 江苏 苏州 ', 'Firefox(49.0)', 'Windows 10', '2016-10-14 17:14:53'),
	(383, 1, '123.149.210.50', '中国 河南 郑州 ', 'Edge(14.14393)', 'Windows 10', '2016-10-14 17:15:32'),
	(384, 1, '112.11.85.73', '中国 浙江 嘉兴 ', 'Chrome(52.0.2743.116)', 'Windows 10', '2016-10-14 17:17:00'),
	(385, 1, '223.73.60.86', '中国 广东 广州 ', 'Chrome(50.0.2661.102)', 'Windows 7', '2016-10-14 17:20:48'),
	(386, 1, '120.202.21.4', '中国 湖北 武汉 ', 'Chrome(52.0.2743.116)', 'Windows 10', '2016-10-14 17:20:49'),
	(387, 1, '58.58.180.172', '中国 山东 日照 ', 'Chrome(49.0.2623.22)', 'Windows 7', '2016-10-14 17:23:21'),
	(388, 1, '111.180.86.66', '中国 湖北 潜江 ', 'IE(7.0)', 'Windows 7', '2016-10-14 17:24:45'),
	(389, 1, '211.162.81.121', '中国 江苏 南京 ', 'Chrome(53.0.2785.143)', 'Windows 10', '2016-10-14 17:26:44'),
	(390, 1, '175.11.68.27', '中国 湖南 长沙 ', 'Firefox(49.0)', 'Windows 7', '2016-10-14 17:28:31'),
	(391, 1, '223.255.33.162', '中国 北京 北京 ', 'Chrome(53.0.2785.116)', 'Windows 7', '2016-10-14 17:30:55'),
	(392, 1, '119.130.228.158', '中国 广东 广州 ', 'Chrome(53.0.2785.143)', 'Windows 7', '2016-10-14 17:34:08'),
	(393, 1, '218.17.162.213', '中国 广东 深圳 ', 'Chrome(53.0.2767.5)', 'Windows 7', '2016-10-14 17:35:21'),
	(394, 1, '125.36.56.23', '中国 天津 天津 ', 'Firefox(49.0)', 'Windows 10', '2016-10-14 17:36:41'),
	(395, 1, '111.172.32.67', '中国 湖北 武汉 ', 'Chrome(52.0.2743.116)', '未知操作系统', '2016-10-14 17:38:28'),
	(396, 1, '113.229.223.64', '中国 辽宁 丹东 ', 'IE(7.0)', 'Windows 10', '2016-10-14 17:39:17'),
	(397, 1, '58.61.64.69', '中国 广东 深圳 ', 'Chrome(54.0.2840.59)', 'Windows 10', '2016-10-14 17:41:15'),
	(398, 1, '223.88.22.97', '中国 河南 郑州 ', 'Chrome(53.0.2785.143)', 'Windows 10', '2016-10-14 17:42:18'),
	(399, 1, '218.247.171.18', '中国 北京 北京 ', 'Chrome(54.0.2840.59)', 'Linux', '2016-10-14 17:43:59'),
	(400, 1, '120.4.79.204', '中国 河北 唐山 ', 'IE(7.0)', 'Windows 10', '2016-10-14 17:47:39'),
	(401, 1, '119.130.207.24', '中国 广东 广州 ', 'Firefox(49.0)', 'Windows 10', '2016-10-14 17:49:47'),
	(402, 1, '221.182.236.34', '中国 海南  ', 'Chrome(53.0.2785.116)', 'Windows 7', '2016-10-14 17:51:02'),
	(403, 1, '119.60.73.181', '中国 宁夏 银川 ', 'IE(8.0)', 'Windows 7', '2016-10-14 17:55:10'),
	(404, 1, '115.183.19.109', '中国 北京 北京 ', 'IE(8.0)', 'Windows 7', '2016-10-14 18:01:27'),
	(405, 1, '120.236.156.164', '中国 广东 广州 ', 'Chrome(55.0.2883.9)', 'Windows NT', '2016-10-14 18:06:03'),
	(406, 1, '1.84.106.140', '中国 陕西 西安 ', 'Chrome(53.0.2785.143)', 'Windows 7', '2016-10-14 18:06:42'),
	(407, 1, '218.17.34.102', '中国 广东 深圳 ', 'Chrome(53.0.2785.116)', 'Windows 7', '2016-10-14 18:17:03'),
	(408, 1, '122.224.252.14', '中国 浙江 杭州 ', 'IE(8.0)', 'Windows 7', '2016-10-14 18:27:18'),
	(409, 1, '122.239.68.145', '中国 浙江 温州 ', 'IE(7.0)', 'Windows 7', '2016-10-14 18:30:23'),
	(410, 1, '119.130.207.104', '中国 广东 广州 ', 'Firefox(49.0)', 'Windows 7', '2016-10-14 18:34:23'),
	(411, 1, '106.81.231.49', '中国 重庆 重庆 ', 'Chrome(52.0.2743.82)', 'Windows 10', '2016-10-14 18:46:11'),
	(412, 1, '139.203.5.106', '中国 四川 攀枝花 ', 'Chrome(51.0.2704.106)', 'Windows 10', '2016-10-14 18:50:01'),
	(413, 1, '119.60.73.181', '中国 宁夏 银川 ', 'Firefox(49.0)', 'Windows 10', '2016-10-14 18:53:08'),
	(414, 1, '183.69.224.243', '中国 重庆 重庆 ', 'Firefox(49.0)', 'Windows 10', '2016-10-14 19:05:17'),
	(415, 1, '106.116.176.254', '中国 河北 唐山 ', 'IE(8.0)', 'Windows XP', '2016-10-14 19:10:15'),
	(416, 1, '27.202.236.174', '中国 山东 东营 ', 'Firefox(49.0)', 'Windows 7', '2016-10-14 19:16:16'),
	(417, 1, '175.7.57.48', '中国 湖南 岳阳 ', 'IE(7.0)', 'Windows 10', '2016-10-14 19:21:55'),
	(418, 1, '27.46.115.80', '中国 广东 深圳 ', 'Chrome(53.0.2785.116)', 'Windows 10', '2016-10-14 20:07:04'),
	(419, 1, '49.221.30.35', '中国 吉林 长春 ', 'IE(7.0)', 'Windows 10', '2016-10-14 20:10:53'),
	(420, 1, '171.88.142.131', '中国 四川 成都 ', 'IE(11.0)', 'Windows NT', '2016-10-14 20:13:13'),
	(421, 1, '222.83.177.236', '中国 广西 河池 ', 'Chrome(53.0.2785.143)', 'Windows 10', '2016-10-14 20:18:11'),
	(422, 1, '60.168.205.217', '中国 安徽 合肥 ', 'Chrome(53.0.2785.143)', 'Windows 10', '2016-10-14 20:23:50'),
	(423, 1, '180.136.128.40', '中国 广西 南宁 ', 'Chrome(55.0.2883.9)', 'Windows 10', '2016-10-14 20:24:09'),
	(424, 1, '1.81.32.173', '中国 陕西 西安 ', 'Chrome(47.0.2526.106)', 'Windows NT', '2016-10-14 20:31:15'),
	(425, 1, '106.114.217.66', '中国 河北 石家庄 ', 'Firefox(49.0)', 'Windows NT', '2016-10-14 20:32:17'),
	(426, 1, '222.84.161.166', '中国 广西 桂林 ', 'Chrome(50.0.2661.102)', 'Windows 7', '2016-10-14 20:45:15'),
	(427, 1, '36.5.89.82', '中国 安徽 合肥 ', 'Chrome(53.0.2785.116)', 'Windows NT', '2016-10-14 20:48:03'),
	(428, 1, '123.55.185.92', '中国 河南 三门峡 ', 'Chrome(53.0.2785.116)', 'Windows 10', '2016-10-14 21:04:44'),
	(429, 1, '120.39.6.94', '中国 福建 厦门 ', 'Chrome(53.0.2785.143)', '未知操作系统', '2016-10-14 21:25:14'),
	(430, 1, '218.107.21.167', '中国 广东 广州 ', 'Chrome(53.0.2785.116)', 'Windows NT', '2016-10-14 21:29:11'),
	(431, 1, '183.39.155.126', '中国 广东 深圳 ', 'IE(7.0)', 'Windows 10', '2016-10-14 21:29:51'),
	(432, 1, '220.178.22.247', '中国 安徽 合肥 ', 'IE(7.0)', 'Windows 10', '2016-10-14 21:38:25'),
	(433, 1, '110.184.61.194', '中国 四川 成都 ', 'Chrome(42.0.2311.154)', 'Windows 7', '2016-10-14 21:43:07'),
	(434, 1, '1.81.32.173', '中国 陕西 西安 ', 'Chrome(47.0.2526.106)', 'Windows NT', '2016-10-14 21:55:29'),
	(435, 1, '61.145.169.207', '中国 广东 东莞 ', 'IE(7.0)', 'Windows 10', '2016-10-14 21:58:18'),
	(436, 1, '119.129.82.199', '中国 广东 广州 ', 'IE(7.0)', 'Windows 7', '2016-10-14 22:01:01'),
	(437, 1, '61.141.0.141', '中国 广东 汕头 ', 'Chrome(50.0.2661.95)', 'Windows 95', '2016-10-14 22:01:18'),
	(438, 1, '61.145.169.207', '中国 广东 东莞 ', 'IE(7.0)', 'Windows 7', '2016-10-14 22:02:04'),
	(439, 1, '222.76.239.157', '中国 福建 厦门 ', 'IE(11.0)', 'Windows NT', '2016-10-14 22:13:54'),
	(440, 1, '123.149.73.184', '中国 河南 郑州 ', 'Chrome(45.0.2454.85)', 'Windows 7', '2016-10-14 22:17:03'),
	(441, 1, '121.32.198.183', '中国 广东 广州 ', 'IE(7.0)', 'Windows 7', '2016-10-14 22:29:35'),
	(442, 1, '112.66.148.12', '中国 海南 海口 ', 'Chrome(50.0.2661.102)', 'Windows 10', '2016-10-14 22:40:59'),
	(443, 1, '110.152.244.129', '中国 新疆 乌鲁木齐 ', '傲游(5.0.1.1700)', 'Windows 10', '2016-10-14 22:43:59'),
	(444, 1, '115.34.11.219', '中国 北京 北京 ', 'Chrome(42.0.2311.154)', 'Windows NT', '2016-10-14 22:48:30'),
	(445, 1, '27.152.249.22', '中国 福建 泉州 ', 'Chrome(49.0.2623.22)', 'Windows XP', '2016-10-14 22:55:27'),
	(446, 1, '27.24.189.211', '中国 湖北 咸宁 ', 'IE(7.0)', 'Windows 10', '2016-10-14 23:04:22'),
	(447, 1, '121.13.165.168', '中国 广东 东莞 ', 'Chrome(53.0.2785.143)', 'Windows 10', '2016-10-14 23:06:02'),
	(448, 1, '111.14.51.169', '中国 山东 东营 ', 'Edge(14.14393)', 'Windows 10', '2016-10-14 23:06:03'),
	(449, 1, '42.236.179.15', '中国 河南 郑州 ', 'Chrome(50.0.2661.94)', 'Windows 7', '2016-10-14 23:07:39'),
	(450, 1, '112.249.23.38', '中国 山东 烟台 ', 'IE(7.0)', 'Windows 7', '2016-10-14 23:15:42'),
	(451, 1, '119.181.52.119', '中国 山东 济宁 ', 'IE(7.0)', 'Windows 7', '2016-10-14 23:22:44'),
	(452, 1, '59.108.54.37', '中国 北京 北京 ', 'Chrome(54.0.2840.59)', '未知操作系统', '2016-10-14 23:23:49'),
	(453, 1, '112.5.168.110', '中国 福建 厦门 ', 'Chrome(52.0.2743.116)', 'Windows 7', '2016-10-14 23:50:34'),
	(454, 1, '115.183.237.67', '中国 北京 北京 ', '未知浏览器()', '未知操作系统', '2016-10-15 00:15:31'),
	(455, 1, '119.180.119.137', '中国 山东 烟台 ', 'Chrome(54.0.2840.59)', 'Windows 7', '2016-10-15 00:20:25'),
	(456, 1, '36.44.140.55', '中国 陕西 西安 ', 'IE(7.0)', 'Windows 7', '2016-10-15 00:29:38'),
	(457, 1, '14.23.233.24', '中国 广东 广州 ', 'Chrome(49.0.2623.112)', 'Windows XP', '2016-10-15 00:58:11'),
	(458, 1, '58.22.94.65', '中国 福建 龙岩 ', '未知浏览器()', '未知操作系统', '2016-10-15 01:36:14'),
	(459, 1, '119.139.137.138', '中国 广东 深圳 ', 'Firefox(49.0)', 'Windows 7', '2016-10-15 01:38:06'),
	(460, 1, '113.119.168.84', '中国 广东 广州 ', 'Chrome(52.0.2743.82)', 'Windows 7', '2016-10-15 01:55:27'),
	(461, 1, '119.86.38.187', '中国 重庆 重庆 ', '未知浏览器()', '未知操作系统', '2016-10-15 02:04:17'),
	(462, 1, '125.69.125.122', '中国 四川 成都 ', 'IE(7.0)', 'Windows 10', '2016-10-15 02:15:53'),
	(463, 1, '123.139.39.191', '中国 陕西 西安 ', 'IE(7.0)', 'Windows 10', '2016-10-15 02:39:55'),
	(464, 1, '183.4.146.103', '中国 广东 惠州 ', 'Chrome(50.0.2661.102)', 'Windows 10', '2016-10-15 04:51:39'),
	(465, 1, '27.156.2.223', '中国 福建 福州 ', 'Chrome(53.0.2785.143)', 'Windows 7', '2016-10-15 06:28:13'),
	(466, 1, '39.69.45.83', '中国 山东 潍坊 ', 'Chrome(52.0.2743.116)', 'Windows 10', '2016-10-15 07:46:21'),
	(467, 1, '183.81.182.206', '中国 北京 北京 ', 'IE(7.0)', 'Windows 7', '2016-10-15 08:32:40'),
	(468, 1, '14.131.72.104', '中国 北京 北京 ', 'IE(7.0)', 'Windows 7', '2016-10-15 08:45:37'),
	(469, 1, '117.86.53.104', '中国 江苏 南通 ', 'Chrome(44.0.2403.157)', 'Windows XP', '2016-10-15 08:47:49'),
	(470, 1, '175.10.48.104', '中国 湖南 长沙 ', 'IE(8.0)', 'Windows XP', '2016-10-15 08:54:32'),
	(471, 1, '42.236.246.167', '中国 河南 郑州 ', 'IE(7.0)', 'Windows 10', '2016-10-15 09:04:38'),
	(472, 1, '113.118.244.239', '中国 广东 深圳 ', 'Chrome(51.0.2704.106)', 'Windows 7', '2016-10-15 09:09:51'),
	(473, 1, '116.230.49.198', '中国 上海 上海 ', 'Firefox(49.0)', 'Linux', '2016-10-15 09:10:21'),
	(474, 1, '111.192.190.23', '中国 北京 北京 ', 'Chrome(51.0.2704.106)', 'Windows 7', '2016-10-15 09:14:17'),
	(475, 1, '211.161.27.78', '中国 河北 石家庄 ', 'Chrome(52.0.2743.116)', 'Windows 7', '2016-10-15 09:16:57'),
	(476, 1, '101.23.127.171', '中国 河北 邢台 ', 'Firefox(49.0)', 'Windows XP', '2016-10-15 09:19:16'),
	(477, 1, '106.39.193.124', '中国 北京 北京 ', 'Firefox(49.0)', 'Windows 10', '2016-10-15 09:28:59'),
	(478, 1, '14.155.18.149', '中国 广东 深圳 ', 'IE(7.0)', 'Windows 10', '2016-10-15 09:33:34'),
	(479, 1, '61.141.156.228', '中国 广东 深圳 ', 'Chrome(51.0.2704.106)', 'Windows 10', '2016-10-15 09:36:51'),
	(480, 1, '14.131.72.104', '中国 北京 北京 ', 'IE(7.0)', 'Windows 7', '2016-10-15 09:37:00'),
	(481, 1, '121.30.149.180', '中国 山西 大同 ', 'Chrome(53.0.2767.5)', 'Windows 7', '2016-10-15 10:05:19'),
	(482, 1, '58.208.66.100', '中国 江苏 苏州 ', 'Chrome(52.0.2743.116)', 'Windows 10', '2016-10-15 10:14:33'),
	(483, 1, '14.118.134.34', '中国 广东 中山 ', 'Chrome(53.0.2785.143)', 'Windows 10', '2016-10-15 10:22:07'),
	(484, 1, '115.208.208.144', '中国 浙江 湖州 ', 'Chrome(47.0.2526.80)', 'Windows 7', '2016-10-15 10:22:47'),
	(485, 1, '144.0.142.106', '中国 山东 烟台 ', 'IE(7.0)', 'Windows 7', '2016-10-15 10:22:51'),
	(486, 1, '221.234.25.27', '中国 湖北 荆门 ', 'IE(11.0)', 'Windows 10', '2016-10-15 10:39:37'),
	(487, 1, '61.141.157.213', '中国 广东 深圳 ', 'Chrome(51.0.2704.106)', 'Windows 10', '2016-10-15 10:45:44'),
	(488, 1, '58.215.136.249', '中国 江苏 无锡 ', 'Chrome(17.0.558.0)', 'Windows 2000', '2016-10-15 10:46:24'),
	(489, 1, '113.69.47.64', '中国 广东 佛山 ', 'Chrome(53.0.2785.143)', 'Windows 10', '2016-10-15 10:54:50'),
	(490, 1, '113.118.244.239', '中国 广东 深圳 ', 'Chrome(51.0.2704.106)', 'Windows 7', '2016-10-15 11:00:47'),
	(491, 1, '120.37.15.190', '中国 福建 泉州 ', 'Chrome(53.0.2785.89)', 'Windows 10', '2016-10-15 11:03:48'),
	(492, 1, '110.7.5.133', '中国 内蒙古 呼和浩特 ', 'Chrome(51.0.2704.63)', 'Windows 10', '2016-10-15 11:04:38'),
	(493, 1, '223.104.3.161', '中国 北京 北京 ', 'Chrome(52.0.2743.116)', '未知操作系统', '2016-10-15 11:09:37'),
	(494, 1, '163.125.243.198', '中国 广东 深圳 ', 'Chrome(53.0.2785.143)', 'Windows 7', '2016-10-15 11:29:16'),
	(495, 1, '27.17.132.162', '中国 湖北 武汉 ', 'Chrome(53.0.2785.116)', 'Windows 7', '2016-10-15 11:30:44'),
	(496, 1, '121.32.50.225', '中国 广东 广州 ', 'IE(7.0)', 'Windows 10', '2016-10-15 11:37:00'),
	(497, 1, '211.161.248.19', '中国 上海 上海 ', 'Chrome(53.0.2785.89)', 'Windows 10', '2016-10-15 11:49:45'),
	(498, 1, '180.138.65.33', '中国 广西 南宁 ', 'Chrome(50.0.2661.102)', 'Windows 10', '2016-10-15 11:51:22'),
	(499, 1, '118.254.56.147', '中国 湖南 张家界 ', 'IE(7.0)', 'Windows 7', '2016-10-15 12:07:28'),
	(500, 1, '175.10.48.104', '中国 湖南 长沙 ', 'Chrome(45.0.2454.101)', 'Windows XP', '2016-10-15 12:08:09'),
	(501, 1, '117.174.159.195', '中国 四川 泸州 ', 'Firefox(49.0)', 'Windows 7', '2016-10-15 12:37:39'),
	(502, 1, '116.226.77.248', '中国 上海 上海 ', 'Chrome(53.0.2785.143)', '未知操作系统', '2016-10-15 13:05:47'),
	(503, 1, '222.216.113.219', '中国 广西 柳州 ', 'Chrome(47.0.2526.80)', 'Windows XP', '2016-10-15 13:10:58'),
	(504, 1, '122.228.142.218', '中国 浙江 温州 ', 'Chrome(53.0.2785.116)', 'Windows 10', '2016-10-15 13:18:55'),
	(505, 1, '182.150.168.121', '中国 四川 成都 ', 'Chrome(47.0.2526.108)', 'Windows 10', '2016-10-15 13:30:41'),
	(506, 1, '183.11.29.141', '中国 广东 深圳 ', 'IE(8.0)', 'Windows 7', '2016-10-15 13:44:00'),
	(507, 1, '124.172.169.85', '中国 广东 深圳 ', 'Chrome(47.0.2526.80)', 'Windows 10', '2016-10-15 13:54:23'),
	(508, 1, '219.137.5.5', '中国 广东 广州 ', 'Chrome(52.0.2743.116)', 'Windows 10', '2016-10-15 13:56:40'),
	(509, 1, '124.202.175.46', '中国 北京 北京 ', 'IE(7.0)', 'Windows 7', '2016-10-15 14:01:44'),
	(510, 1, '121.204.63.19', '中国 福建 福州 ', 'Chrome(40.0.2214.115)', '未知操作系统', '2016-10-15 14:05:13'),
	(511, 1, '222.89.237.54', '中国 河南 漯河 ', 'Chrome(53.0.2785.116)', 'Windows 7', '2016-10-15 14:16:18'),
	(512, 1, '223.209.109.111', '中国 广东 惠州 ', 'Firefox(48.0)', 'Linux', '2016-10-15 14:22:49'),
	(513, 1, '36.25.31.80', '中国 浙江 杭州 ', '傲游(5.0.1.1700)', 'Windows 10', '2016-10-15 14:26:14'),
	(514, 1, '222.132.250.19', '中国 山东 临沂 ', 'Chrome(53.0.2785.143)', 'Windows 7', '2016-10-15 14:28:51'),
	(515, 1, '61.145.169.207', '中国 广东 东莞 ', 'IE(7.0)', 'Windows 7', '2016-10-15 14:30:51'),
	(516, 1, '60.210.231.52', '中国 山东 潍坊 ', 'IE(7.0)', 'Windows 10', '2016-10-15 14:32:38'),
	(517, 1, '101.66.178.201', '中国 浙江 金华 ', 'IE(8.0)', 'Windows 7', '2016-10-15 14:33:56'),
	(518, 1, '115.60.7.150', '中国 河南 郑州 ', 'Chrome(53.0.2785.143)', '未知操作系统', '2016-10-15 14:34:01'),
	(519, 1, '61.132.125.118', '中国 江苏 苏州 ', 'Chrome(52.0.2743.116)', 'Windows 10', '2016-10-15 14:34:18'),
	(520, 1, '116.230.49.198', '中国 上海 上海 ', 'Firefox(49.0)', 'Linux', '2016-10-15 14:37:05'),
	(521, 1, '106.114.217.66', '中国 河北 石家庄 ', 'Firefox(49.0)', 'Windows NT', '2016-10-15 14:42:29'),
	(522, 1, '111.192.147.179', '中国 北京 北京 ', 'Chrome(49.0.2623.110)', 'Windows 7', '2016-10-15 14:42:35'),
	(523, 1, '113.68.195.128', '中国 广东 广州 ', 'Firefox(49.0)', 'Windows 7', '2016-10-15 14:46:09'),
	(524, 1, '183.16.11.32', '中国 广东 深圳 ', 'Chrome(53.0.2785.143)', 'Windows 7', '2016-10-15 14:50:01'),
	(525, 1, '61.141.178.211', '中国 广东 深圳 ', 'Chrome(52.0.2743.116)', 'Windows 10', '2016-10-15 15:22:54'),
	(526, 1, '121.207.18.149', '中国 福建 泉州 ', 'Chrome(49.0.2623.22)', 'Windows 10', '2016-10-15 15:25:27'),
	(527, 1, '119.33.194.9', '中国 广东 广州 ', 'Chrome(54.0.2840.59)', 'Linux', '2016-10-15 15:32:03'),
	(528, 1, '61.178.148.136', '中国 甘肃 白银 ', 'Firefox(36.04)', 'Windows NT', '2016-10-15 15:38:50'),
	(529, 1, '117.94.223.148', '中国 江苏 泰州 ', 'Firefox(47.0)', 'Windows 7', '2016-10-15 15:43:15'),
	(530, 1, '49.220.33.204', '中国 湖南 长沙 ', 'IE(7.0)', 'Windows 10', '2016-10-15 15:43:27'),
	(531, 1, '183.39.55.38', '中国 广东 深圳 ', 'Chrome(53.0.2785.143)', '未知操作系统', '2016-10-15 15:45:15'),
	(532, 1, '183.56.249.199', '中国 广东 潮州 ', 'Chrome(54.0.2840.59)', 'Windows 10', '2016-10-15 16:13:50'),
	(533, 1, '113.134.235.108', '中国 陕西 榆林 ', 'Chrome(51.0.2704.63)', 'Windows 10', '2016-10-15 16:29:03'),
	(534, 1, '220.172.53.92', '中国 贵州 贵阳 ', 'Chrome(52.0.2743.116)', '未知操作系统', '2016-10-15 16:39:00'),
	(535, 1, '1.180.235.54', '中国 内蒙古 呼和浩特 ', 'IE(7.0)', 'Windows 10', '2016-10-15 16:41:32'),
	(536, 1, '120.6.97.35', '中国 河北 秦皇岛 ', 'Chrome(49.0.2623.75)', 'Windows XP', '2016-10-15 16:57:49'),
	(537, 1, '117.152.94.242', '中国 湖北 武汉 ', 'IE(8.0)', 'Windows 7', '2016-10-15 17:27:09'),
	(538, 1, '119.130.96.25', '中国 广东 广州 ', 'IE(7.0)', 'Windows 7', '2016-10-15 17:31:49'),
	(539, 1, '125.94.209.196', '中国 广东 广州 ', 'IE(7.0)', 'Windows 10', '2016-10-15 17:44:49'),
	(540, 1, '220.115.175.42', '中国 广东 广州 ', 'Firefox(49.0)', 'Windows 7', '2016-10-15 18:04:04'),
	(541, 1, '122.4.212.46', '中国 山东 潍坊 ', 'IE(7.0)', 'Windows 7', '2016-10-15 18:12:36'),
	(542, 1, '211.161.246.179', '中国 上海 上海 ', 'Firefox(49.0)', 'Windows NT', '2016-10-15 18:20:47'),
	(543, 1, '114.103.106.180', '中国 安徽 黄山 ', 'IE(8.0)', 'Windows 7', '2016-10-15 18:24:55'),
	(544, 1, '115.205.106.71', '中国 浙江 杭州 ', 'IE(8.0)', 'Windows 7', '2016-10-15 18:25:56'),
	(545, 1, '117.145.17.69', '中国 新疆 喀什地区 ', 'Firefox(49.0)', 'Windows 7', '2016-10-15 18:39:17'),
	(546, 1, '218.18.248.76', '中国 广东 深圳 ', 'Chrome(48.0.2564.82)', 'Linux', '2016-10-15 18:40:02'),
	(547, 1, '42.53.135.245', '中国 辽宁 葫芦岛 ', 'IE(7.0)', 'Windows 10', '2016-10-15 18:47:06'),
	(548, 1, '123.149.0.116', '中国 河南 郑州 ', 'IE(7.0)', 'Windows 7', '2016-10-15 19:06:42'),
	(549, 1, '125.92.7.122', '中国 广东 江门 ', 'Firefox(51.0)', 'Windows 10', '2016-10-15 19:11:55'),
	(550, 1, '14.116.37.247', '中国 广东 珠海 ', 'Firefox(49.0)', 'Linux', '2016-10-15 19:37:01'),
	(551, 1, '59.42.184.112', '中国 广东 广州 ', 'Chrome(53.0.2785.143)', 'Windows 7', '2016-10-15 19:37:16'),
	(552, 1, '120.210.181.182', '中国 安徽 池州 ', 'Chrome(53.0.2785.116)', 'Windows 7', '2016-10-15 19:45:01'),
	(553, 1, '180.136.164.133', '中国 广西 南宁 ', 'Chrome(31.0.1650.63)', 'Windows 7', '2016-10-15 20:25:45'),
	(554, 1, '222.84.161.224', '中国 广西 桂林 ', 'Chrome(49.0.2623.22)', 'Windows 7', '2016-10-15 20:34:42'),
	(555, 1, '27.192.216.111', '中国 山东 潍坊 ', 'Chrome(54.0.2840.59)', 'Windows 10', '2016-10-15 20:59:48'),
	(556, 1, '101.41.207.236', '中国 北京 北京 ', 'Chrome(53.0.2785.143)', '未知操作系统', '2016-10-15 21:02:07'),
	(557, 1, '123.150.105.241', '中国 天津 天津 ', 'Chrome(53.0.2785.143)', 'Windows 10', '2016-10-15 21:04:33'),
	(558, 1, '27.14.215.212', '中国 重庆 重庆 ', 'Chrome(35.0.1916.138)', 'Linux', '2016-10-15 21:29:30'),
	(559, 1, '101.22.235.205', '中国 河北 衡水 ', 'IE(7.0)', 'Windows 7', '2016-10-15 21:33:59'),
	(560, 1, '123.244.133.71', '中国 辽宁 盘锦 ', 'Firefox(47.0)', '未知操作系统', '2016-10-15 21:40:37'),
	(561, 1, '113.56.183.235', '中国 湖北 宜昌 ', 'Chrome(53.0.2785.143)', '未知操作系统', '2016-10-15 21:54:51'),
	(562, 1, '113.228.138.141', '中国 辽宁 抚顺 ', 'Chrome(53.0.2785.143)', 'Windows 10', '2016-10-15 21:56:59'),
	(563, 1, '106.114.157.137', '中国 河北 石家庄 ', 'IE(7.0)', 'Windows 7', '2016-10-15 22:02:37'),
	(564, 1, '115.60.4.208', '中国 河南 郑州 ', 'IE(7.0)', 'Windows 7', '2016-10-15 22:05:54'),
	(565, 1, '223.73.57.215', '中国 广东 广州 ', 'Chrome(52.0.2743.116)', 'Windows 10', '2016-10-15 22:07:18'),
	(566, 1, '101.81.1.139', '中国 上海 上海 ', 'IE(7.0)', 'Windows NT', '2016-10-15 22:08:07'),
	(567, 1, '124.205.212.24', '中国 北京 北京 ', 'Chrome(52.0.2743.116)', '未知操作系统', '2016-10-15 22:09:22'),
	(568, 1, '27.214.223.36', '中国 山东 潍坊 ', '未知浏览器()', '未知操作系统', '2016-10-15 22:19:32'),
	(569, 1, '110.85.248.28', '中国 福建 厦门 ', 'Chrome(53.0.2785.143)', 'Windows 10', '2016-10-15 22:39:48'),
	(570, 1, '119.130.251.6', '中国 广东 广州 ', 'IE(7.0)', 'Windows 10', '2016-10-15 23:19:38'),
	(571, 1, '14.18.29.53', '中国 广东 广州 ', 'Chrome(35.0.1916.138)', 'Linux', '2016-10-15 23:19:50'),
	(572, 1, '116.233.49.51', '中国 上海 上海 ', 'Chrome(50.0.2661.95)', 'Windows 95', '2016-10-15 23:58:21'),
	(573, 1, '223.73.214.70', '中国 广东 东莞 ', 'IE(8.0)', 'Windows 7', '2016-10-16 00:10:42'),
	(574, 1, '61.157.241.13', '中国 四川 广元 ', 'Chrome(53.0.2785.113)', 'Windows 10', '2016-10-16 00:12:34'),
	(575, 1, '171.37.33.228', '中国 广西 南宁 ', 'Chrome(51.0.2704.106)', 'Windows 7', '2016-10-16 00:15:15'),
	(576, 1, '113.118.10.207', '中国 广东 深圳 ', 'Chrome(54.0.2840.59)', '未知操作系统', '2016-10-16 01:10:06'),
	(577, 1, '223.74.137.119', '中国 广东 广州 ', 'IE(8.0)', 'Windows XP', '2016-10-16 01:14:47'),
	(578, 1, '222.44.189.37', '中国 上海 上海 ', 'Chrome(49.0.2623.87)', 'Windows 10', '2016-10-16 08:14:12'),
	(579, 1, '116.114.20.110', '中国 内蒙古 呼和浩特 ', 'Firefox(49.0)', '未知操作系统', '2016-10-16 08:34:25'),
	(580, 1, '39.191.159.172', '中国 浙江 衢州 ', 'Chrome(52.0.2743.116)', 'Windows 7', '2016-10-16 08:56:29'),
	(581, 1, '121.237.177.241', '中国 江苏 南京 ', 'Firefox(49.0)', 'Windows 7', '2016-10-16 09:33:11'),
	(582, 1, '219.156.30.160', '中国 河南 郑州 ', 'IE(7.0)', 'Windows 7', '2016-10-16 09:51:48'),
	(583, 1, '106.39.189.202', '中国 北京 北京 ', '未知浏览器()', 'Linux', '2016-10-16 10:06:28'),
	(584, 1, '115.196.67.204', '中国 浙江 杭州 ', 'Chrome(49.0.2623.22)', 'Windows 7', '2016-10-16 10:44:12'),
	(585, 1, '183.15.104.115', '中国 广东 深圳 ', 'Chrome(47.0.2526.106)', 'Windows NT', '2016-10-16 10:49:00'),
	(586, 1, '112.109.216.148', '中国 福建 泉州 ', 'Chrome(49.0.2623.22)', 'Windows 7', '2016-10-16 10:58:53'),
	(587, 1, '115.156.147.32', '中国 湖北 武汉 ', 'Edge(12.10240)', 'Windows 10', '2016-10-16 11:05:47'),
	(588, 1, '118.254.218.26', '中国 湖南 衡阳 ', 'Firefox(49.0)', 'Windows 7', '2016-10-16 11:07:34'),
	(589, 1, '120.209.44.6', '中国 安徽 淮南 ', 'Chrome(53.0.2785.116)', 'Windows 7', '2016-10-16 11:16:27'),
	(590, 1, '1.30.132.209', '中国 内蒙古 呼和浩特 ', 'Firefox(49.0)', 'Windows NT', '2016-10-16 11:21:10'),
	(591, 1, '27.38.154.82', '中国 广东 深圳 ', 'Chrome(52.0.2743.116)', 'Windows NT', '2016-10-16 11:27:49'),
	(592, 1, '183.134.71.241', '中国 浙江 绍兴 ', 'IE(7.0)', 'Windows 7', '2016-10-16 11:37:01'),
	(593, 1, '223.87.36.60', '中国 四川 德阳 ', 'Chrome(49.0.2623.22)', 'Windows NT', '2016-10-16 11:44:45'),
	(594, 1, '219.128.75.226', '中国 广东 佛山 ', 'Firefox(49.0)', 'Windows 10', '2016-10-16 11:59:22'),
	(595, 1, '182.138.218.138', '中国 四川 成都 ', 'Opera(39.0.2256.48)', 'Windows 7', '2016-10-16 12:20:21'),
	(596, 1, '223.73.61.146', '中国 广东 广州 ', 'Firefox(49.0)', 'Windows 7', '2016-10-16 12:29:45'),
	(597, 1, '49.221.62.199', '中国 陕西 西安 ', 'Firefox(49.0)', 'Windows 10', '2016-10-16 12:47:23'),
	(598, 1, '61.153.150.106', '中国 浙江 宁波 ', 'Chrome(50.0.2661.95)', 'Windows 95', '2016-10-16 12:58:14'),
	(599, 1, '14.23.233.9', '中国 广东 广州 ', 'Chrome(53.0.2785.116)', 'Windows 10', '2016-10-16 12:58:20'),
	(600, 1, '120.32.212.95', '中国 福建 厦门 ', '未知浏览器()', '未知操作系统', '2016-10-16 12:59:59'),
	(601, 1, '175.43.103.221', '中国 福建 泉州 ', 'Chrome(45.0.2454.93)', 'Windows 7', '2016-10-16 13:05:56'),
	(602, 1, '122.7.171.238', '中国 山东 泰安 ', 'Chrome(55.0.2883.9)', 'Windows 7', '2016-10-16 13:07:32'),
	(603, 1, '180.106.43.66', '中国 江苏 苏州 ', 'Chrome(53.0.2785.116)', 'Windows 10', '2016-10-16 13:17:51'),
	(604, 1, '219.141.118.11', '中国 贵州 六盘水 ', 'Chrome(47.0.2626.106)', 'Windows 7', '2016-10-16 13:33:44'),
	(605, 1, '218.66.223.4', '中国 福建 宁德 ', '未知浏览器()', '未知操作系统', '2016-10-16 14:08:50'),
	(606, 1, '223.11.23.1', '中国 山西 太原 ', 'Chrome(53.0.2785.143)', '未知操作系统', '2016-10-16 14:22:27'),
	(607, 1, '114.116.17.14', '中国 广东 深圳 ', 'Firefox(49.0)', 'Windows 10', '2016-10-16 14:29:06'),
	(608, 1, '222.210.137.201', '中国 四川 成都 ', 'Chrome(38.0.2125.122)', 'Windows 7', '2016-10-16 14:42:51'),
	(609, 1, '42.91.168.190', '中国 甘肃 兰州 ', 'Chrome(47.0.2526.80)', 'Windows 10', '2016-10-16 14:48:11'),
	(610, 1, '27.198.1.125', '中国 山东 济宁 ', 'IE(7.0)', 'Windows 7', '2016-10-16 14:48:57'),
	(611, 1, '27.204.60.206', '中国 山东 莱芜 ', 'Chrome(53.0.2785.143)', 'Linux', '2016-10-16 14:59:29'),
	(612, 1, '121.226.134.136', '中国 江苏 宿迁 ', 'IE(7.0)', 'Windows 7', '2016-10-16 15:01:34'),
	(613, 1, '27.204.60.206', '中国 山东 莱芜 ', 'IE(7.0)', 'Windows 7', '2016-10-16 15:01:48'),
	(614, 1, '121.194.169.234', '中国 北京 北京 ', 'Chrome(52.0.2743.82)', 'Linux', '2016-10-16 15:22:28'),
	(615, 1, '171.214.159.89', '中国 四川 成都 ', 'Chrome(54.0.2840.59)', 'Windows 10', '2016-10-16 15:39:43'),
	(616, 1, '121.31.189.173', '中国 广西 北海 ', 'Chrome(53.0.2785.116)', 'Windows NT', '2016-10-16 16:32:12'),
	(617, 1, '116.23.154.241', '中国 广东 广州 ', 'IE(7.0)', 'Windows 7', '2016-10-16 16:38:34'),
	(618, 1, '117.158.148.60', '中国 河南 郑州 ', 'Chrome(53.0.2785.113)', 'Windows 7', '2016-10-16 16:48:31'),
	(619, 1, '175.162.170.251', '中国 辽宁 大连 ', 'Chrome(54.0.2840.59)', 'Windows 10', '2016-10-16 16:49:28'),
	(620, 1, '220.179.49.134', '中国 安徽 宿州 ', 'Chrome(52.0.2743.82)', 'Windows 10', '2016-10-16 16:51:19'),
	(621, 1, '58.61.137.149', '中国 广东 深圳 ', 'IE(7.0)', 'Windows 7', '2016-10-16 16:52:48'),
	(622, 1, '116.20.60.233', '中国 广东 佛山 ', 'Firefox(47.0)', 'Windows 7', '2016-10-16 16:59:46'),
	(623, 1, '118.119.182.33', '中国 四川 乐山 ', 'IE(11.0)', 'Windows 7', '2016-10-16 17:02:24'),
	(624, 1, '1.71.217.211', '中国 山西 运城 ', 'IE(7.0)', 'Windows 7', '2016-10-16 17:03:17'),
	(625, 1, '119.136.100.23', '中国 广东 深圳 ', 'Firefox(49.0)', 'Windows 7', '2016-10-16 17:33:55'),
	(626, 1, '182.18.104.96', '中国 北京 北京 ', 'IE(7.0)', 'Windows 10', '2016-10-16 17:51:42'),
	(627, 1, '113.73.33.193', '中国 广东 中山 ', 'Chrome(52.0.2743.116)', 'Windows 10', '2016-10-16 18:01:46'),
	(628, 1, '119.136.100.23', '中国 广东 深圳 ', 'Firefox(49.0)', 'Windows 7', '2016-10-16 18:01:48'),
	(629, 1, '183.228.108.17', '中国 重庆 重庆 ', 'Chrome(52.0.2743.116)', 'Windows 10', '2016-10-16 18:07:14'),
	(630, 1, '218.5.141.97', '中国 福建 泉州 ', 'IE(7.0)', 'Windows 7', '2016-10-16 18:23:08'),
	(631, 1, '60.6.238.7', '中国 河北 邢台 ', 'Chrome(54.0.2840.59)', 'Windows 10', '2016-10-16 18:31:54'),
	(632, 1, '111.132.204.225', '中国 北京 北京 ', 'Chrome(52.0.2743.82)', 'Windows 7', '2016-10-16 19:05:10'),
	(633, 1, '183.196.194.143', '中国 河北 秦皇岛 ', 'IE(8.0)', 'Windows 7', '2016-10-16 19:50:43'),
	(634, 1, '101.22.235.205', '中国 河北 衡水 ', 'IE(7.0)', 'Windows 7', '2016-10-16 19:53:08'),
	(635, 1, '211.161.66.209', '中国 广东 惠州 ', 'Chrome(47.0.2526.106)', 'Windows NT', '2016-10-16 20:18:29'),
	(636, 1, '36.149.135.177', '中国 江苏 苏州 ', 'Chrome(42.0.2311.154)', 'Windows 10', '2016-10-16 20:24:06'),
	(637, 1, '113.222.209.81', '中国 湖南 株洲 ', 'Chrome(55.0.2873.0)', 'Windows 10', '2016-10-16 20:42:30'),
	(638, 1, '182.86.243.194', '中国 江西 吉安 ', 'IE(7.0)', 'Windows 7', '2016-10-16 20:53:50'),
	(639, 1, '58.42.64.60', '中国 贵州 黔南布依族苗族自治州 ', 'Firefox(49.0)', 'Windows 7', '2016-10-16 20:55:53'),
	(640, 1, '182.148.75.221', '中国 四川 成都 ', 'Chrome(53.0.2785.143)', 'Windows 7', '2016-10-16 21:02:57'),
	(641, 1, '49.211.217.115', '中国 江西 南昌 ', 'Chrome(52.0.2743.116)', 'Windows 8', '2016-10-16 21:06:39'),
	(642, 1, '112.247.70.232', '中国 山东 菏泽 ', 'Chrome(53.0.2785.143)', 'Windows 7', '2016-10-16 21:27:24'),
	(643, 1, '183.228.214.16', '中国 重庆 重庆 ', 'IE(9.0)', 'Windows 10', '2016-10-16 21:29:52'),
	(644, 1, '39.91.32.86', '中国 山东 济南 ', 'Chrome(53.0.2785.143)', 'Windows 10', '2016-10-16 21:45:49'),
	(645, 1, '222.211.221.35', '中国 四川 成都 ', 'Chrome(47.0.2526.108)', 'Windows 10', '2016-10-16 21:52:39'),
	(646, 1, '127.0.0.1', '本机地址 本机地址  ', 'Chrome(52.0.2743.116)', 'Linux', '2016-10-17 21:43:49'),
	(647, 1, '127.0.0.1', '本机地址 本机地址  ', 'Chrome(52.0.2743.116)', 'Linux', '2016-10-17 22:22:04'),
	(648, 1, '127.0.0.1', '本机地址 本机地址  ', 'Chrome(52.0.2743.116)', 'Linux', '2016-10-18 14:58:26'),
	(649, 1, '127.0.0.1', '本机地址 本机地址  ', 'Chrome(52.0.2743.116)', 'Linux', '2016-10-18 19:42:08'),
	(650, 1, '127.0.0.1', '本机地址 本机地址  ', 'Chrome(52.0.2743.116)', 'Linux', '2016-10-18 19:42:22'),
	(651, 2, '127.0.0.1', '本机地址 本机地址  ', 'Chrome(52.0.2743.116)', 'Linux', '2016-10-18 19:48:20'),
	(652, 1, '127.0.0.1', '本机地址 本机地址  ', 'Chrome(52.0.2743.116)', 'Linux', '2016-10-19 20:02:13'),
	(653, 1, '127.0.0.1', '本机地址 本机地址  ', 'Chrome(52.0.2743.116)', 'Linux', '2016-10-20 20:00:49'),
	(654, 1, '127.0.0.1', '本机地址 本机地址  ', 'Chrome(52.0.2743.116)', 'Linux', '2016-10-20 21:24:09'),
	(655, 1, '127.0.0.1', '本机地址 本机地址  ', 'Chrome(52.0.2743.116)', 'Linux', '2016-10-25 20:16:08'),
	(656, 2, '127.0.0.1', '本机地址 本机地址  ', 'Chrome(52.0.2743.116)', 'Linux', '2016-10-25 22:00:06'),
	(657, 1, '127.0.0.1', '本机地址 本机地址  ', 'Chrome(52.0.2743.116)', 'Linux', '2016-10-26 19:55:06'),
	(658, 1, '127.0.0.1', '本机地址 本机地址  ', 'Chrome(52.0.2743.116)', 'Linux', '2016-10-27 10:36:28'),
	(659, 1, '127.0.0.1', '本机地址 本机地址  ', 'Chrome(54.0.2840.71)', 'Windows 7', '2016-12-25 09:42:25'),
	(660, 1, '127.0.0.1', '本机地址 本机地址  ', 'Chrome(54.0.2840.71)', 'Windows 7', '2016-12-31 15:10:35'),
	(661, 1, '127.0.0.1', '本机地址 本机地址  ', 'Chrome(54.0.2840.71)', 'Windows 7', '2017-01-07 12:44:13'),
	(662, 1, '127.0.0.1', '本机地址 本机地址  ', 'Chrome(45.0.2454.101)', 'Windows 7', '2017-01-07 12:45:01'),
	(663, 1, '127.0.0.1', '本机地址 本机地址  ', 'Chrome(45.0.2454.101)', 'Windows 7', '2017-01-10 07:54:00'),
	(664, 1, '127.0.0.1', '本机地址 本机地址  ', 'Chrome(54.0.2840.71)', 'Windows 7', '2017-01-21 18:29:47'),
	(665, 1, '127.0.0.1', '本机地址 本机地址  ', 'Chrome(54.0.2840.71)', 'Windows 7', '2017-02-05 14:29:52');
/*!40000 ALTER TABLE `zy_login_log` ENABLE KEYS */;

-- 导出  表 zyadmin.zy_node_map 结构
DROP TABLE IF EXISTS `zy_node_map`;
CREATE TABLE IF NOT EXISTS `zy_node_map` (
  `id` int(10) unsigned NOT NULL AUTO_INCREMENT,
  `module` char(6) NOT NULL COMMENT '模块',
  `map` varchar(255) NOT NULL COMMENT '节点图',
  `is_ajax` tinyint(1) unsigned NOT NULL DEFAULT '0' COMMENT '是否是ajax请求',
  `comment` varchar(255) NOT NULL COMMENT '节点图描述',
  PRIMARY KEY (`id`),
  KEY `map` (`map`)
) ENGINE=InnoDB AUTO_INCREMENT=530 DEFAULT CHARSET=utf8 ROW_FORMAT=COMPACT COMMENT='节点图';

-- 正在导出表  zyadmin.zy_node_map 的数据：~113 rows (大约)
/*!40000 ALTER TABLE `zy_node_map` DISABLE KEYS */;
INSERT INTO `zy_node_map` (`id`, `module`, `map`, `is_ajax`, `comment`) VALUES
	(362, 'admin', 'AdminGroup/index', 0, 'AdminGroup 首页'),
	(363, 'admin', 'AdminGroup/recycleBin', 0, 'AdminGroup 回收站'),
	(364, 'admin', 'AdminGroup/add', 0, 'AdminGroup 添加'),
	(365, 'admin', 'AdminGroup/edit', 0, '{:__user__}编辑分组管理'),
	(366, 'admin', 'AdminGroup/delete', 0, 'AdminGroup 默认删除操作'),
	(367, 'admin', 'AdminGroup/recycle', 0, 'AdminGroup 从回收站恢复'),
	(368, 'admin', 'AdminGroup/forbid', 0, 'AdminGroup 默认禁用操作'),
	(369, 'admin', 'AdminGroup/resume', 0, 'AdminGroup 默认恢复操作'),
	(370, 'admin', 'AdminGroup/deleteForever', 0, 'AdminGroup 永久删除'),
	(371, 'admin', 'AdminGroup/clear', 0, 'AdminGroup 清空回收站'),
	(377, 'admin', 'AdminNode/load', 0, 'AdminNode 节点快速导入'),
	(378, 'admin', 'AdminNode/index', 0, 'AdminNode 首页'),
	(379, 'admin', 'AdminNode/recycleBin', 0, 'AdminNode 回收站'),
	(380, 'admin', 'AdminNode/add', 0, 'AdminNode 添加'),
	(381, 'admin', 'AdminNode/edit', 0, 'AdminNode 编辑'),
	(382, 'admin', 'AdminNode/delete', 0, 'AdminNode 默认删除操作'),
	(383, 'admin', 'AdminNode/recycle', 0, 'AdminNode 从回收站恢复'),
	(384, 'admin', 'AdminNode/forbid', 0, 'AdminNode 默认禁用操作'),
	(385, 'admin', 'AdminNode/resume', 0, 'AdminNode 默认恢复操作'),
	(386, 'admin', 'AdminNode/deleteForever', 0, 'AdminNode 永久删除'),
	(387, 'admin', 'AdminNode/clear', 0, 'AdminNode 清空回收站'),
	(392, 'admin', 'AdminNodeLoad/index', 0, 'AdminNodeLoad 首页'),
	(393, 'admin', 'AdminNodeLoad/recycleBin', 0, 'AdminNodeLoad 回收站'),
	(394, 'admin', 'AdminNodeLoad/add', 0, 'AdminNodeLoad 添加'),
	(395, 'admin', 'AdminNodeLoad/edit', 0, 'AdminNodeLoad 编辑'),
	(396, 'admin', 'AdminNodeLoad/forbid', 0, 'AdminNodeLoad 默认禁用操作'),
	(397, 'admin', 'AdminNodeLoad/resume', 0, 'AdminNodeLoad 默认恢复操作'),
	(398, 'admin', 'AdminNodeLoad/deleteForever', 0, 'AdminNodeLoad 永久删除'),
	(399, 'admin', 'AdminNodeLoad/clear', 0, 'AdminNodeLoad 清空回收站'),
	(407, 'admin', 'AdminRole/user', 0, 'AdminRole 用户列表'),
	(408, 'admin', 'AdminRole/access', 0, 'AdminRole 授权'),
	(409, 'admin', 'AdminRole/index', 0, 'AdminRole 首页'),
	(410, 'admin', 'AdminRole/recycleBin', 0, 'AdminRole 回收站'),
	(411, 'admin', 'AdminRole/add', 0, 'AdminRole 添加'),
	(412, 'admin', 'AdminRole/edit', 0, 'AdminRole 编辑'),
	(413, 'admin', 'AdminRole/delete', 0, 'AdminRole 默认删除操作'),
	(414, 'admin', 'AdminRole/recycle', 0, 'AdminRole 从回收站恢复'),
	(415, 'admin', 'AdminRole/forbid', 0, 'AdminRole 默认禁用操作'),
	(416, 'admin', 'AdminRole/resume', 0, 'AdminRole 默认恢复操作'),
	(417, 'admin', 'AdminRole/deleteForever', 0, 'AdminRole 永久删除'),
	(418, 'admin', 'AdminRole/clear', 0, 'AdminRole 清空回收站'),
	(422, 'admin', 'AdminUser/password', 0, 'AdminUser 修改密码'),
	(423, 'admin', 'AdminUser/index', 0, 'AdminUser 首页'),
	(424, 'admin', 'AdminUser/recycleBin', 0, 'AdminUser 回收站'),
	(425, 'admin', 'AdminUser/add', 0, 'AdminUser 添加'),
	(426, 'admin', 'AdminUser/edit', 0, '{:__user__}编辑用户{:id}'),
	(427, 'admin', 'AdminUser/recycle', 0, 'AdminUser 从回收站恢复'),
	(428, 'admin', 'AdminUser/forbid', 0, 'AdminUser 默认禁用操作'),
	(429, 'admin', 'AdminUser/resume', 0, 'AdminUser 默认恢复操作'),
	(437, 'admin', 'Demo/excel', 0, 'Demo Excel一键导出'),
	(438, 'admin', 'Demo/download', 0, 'Demo 下载文件'),
	(439, 'admin', 'Demo/downloadImage', 0, 'Demo 下载远程图片'),
	(440, 'admin', 'Demo/mail', 0, 'Demo 发送邮件'),
	(441, 'admin', 'Demo/ueditor', 0, 'Demo 百度编辑器'),
	(442, 'admin', 'Demo/qiniu', 0, 'Demo 七牛上传'),
	(443, 'admin', 'Demo/hashids', 0, 'Demo ID加密'),
	(444, 'admin', 'Demo/layer', 0, 'Demo 丰富弹层'),
	(445, 'admin', 'Demo/tableFixed', 0, 'Demo 表格溢出'),
	(446, 'admin', 'Demo/imageUpload', 0, 'Demo 图片上传回调'),
	(452, 'admin', 'Index/index', 0, 'Index '),
	(453, 'admin', 'Index/welcome', 0, 'Index 欢迎页'),
	(455, 'admin', 'LoginLog/index', 0, 'LoginLog 首页'),
	(456, 'admin', 'LoginLog/clear', 0, 'LoginLog 清空回收站'),
	(458, 'admin', 'NodeMap/load', 0, 'NodeMap 自动导入'),
	(459, 'admin', 'NodeMap/index', 0, 'NodeMap 首页'),
	(460, 'admin', 'NodeMap/add', 0, 'NodeMap 添加'),
	(461, 'admin', 'NodeMap/edit', 0, 'NodeMap 编辑'),
	(462, 'admin', 'NodeMap/deleteForever', 0, 'NodeMap 永久删除'),
	(465, 'admin', 'Pub/login', 0, 'Pub 用户登录页面'),
	(466, 'admin', 'Pub/loginFrame', 0, 'Pub 小窗口登录页面'),
	(468, 'admin', 'Pub/logout', 0, 'Pub 用户登出'),
	(469, 'admin', 'Pub/checkLogin', 0, 'Pub 登录检测'),
	(470, 'admin', 'Pub/password', 0, 'Pub 修改密码'),
	(471, 'admin', 'Pub/profile', 0, 'Pub 查看用户信息|修改资料'),
	(472, 'admin', 'Upload/index', 0, 'Upload '),
	(473, 'admin', 'Upload/upload', 0, 'Upload 文件上传'),
	(474, 'admin', 'Upload/remote', 0, 'Upload 远程图片抓取'),
	(475, 'admin', 'Upload/listImage', 0, 'Upload 图片列表'),
	(483, 'admin', 'WebLog/index', 0, 'WebLog '),
	(484, 'admin', 'WebLog/detail', 0, 'WebLog '),
	(486, 'admin', 'Pub/index', 0, 'Pub 首页'),
	(487, 'admin', 'AdminGroup/edit', 1, '{:__user__}编辑了分组管理{:id}修改名称为{:name}'),
	(488, 'admin', 'AdminUser/edit', 1, '{:__user__}编辑了用户{:id}，修改真实名字为{:realname}'),
	(489, 'admin', 'AdminActivity/index', 0, 'AdminActivity 首页'),
	(490, 'admin', 'AdminActivity/recycleBin', 0, 'AdminActivity 回收站'),
	(491, 'admin', 'AdminActivity/add', 0, 'AdminActivity 添加'),
	(492, 'admin', 'AdminActivity/edit', 0, 'AdminActivity @desc 编辑'),
	(493, 'admin', 'AdminActivity/delete', 0, 'AdminActivity 默认删除操作'),
	(494, 'admin', 'AdminActivity/recycle', 0, 'AdminActivity 从回收站恢复'),
	(495, 'admin', 'AdminActivity/forbid', 0, 'AdminActivity 默认禁用操作'),
	(496, 'admin', 'AdminActivity/resume', 0, 'AdminActivity 默认恢复操作'),
	(497, 'admin', 'AdminActivity/deleteForever', 0, 'AdminActivity 永久删除'),
	(498, 'admin', 'AdminActivity/clear', 0, 'AdminActivity 清空回收站'),
	(504, 'admin', 'AdminModel/index', 0, 'AdminModel 首页'),
	(505, 'admin', 'AdminModel/recycleBin', 0, 'AdminModel 回收站'),
	(506, 'admin', 'AdminModel/add', 0, 'AdminModel 添加'),
	(507, 'admin', 'AdminModel/edit', 0, 'AdminModel @desc 编辑'),
	(508, 'admin', 'AdminModel/delete', 0, 'AdminModel 默认删除操作'),
	(509, 'admin', 'AdminModel/recycle', 0, 'AdminModel 从回收站恢复'),
	(510, 'admin', 'AdminModel/forbid', 0, 'AdminModel 默认禁用操作'),
	(511, 'admin', 'AdminModel/resume', 0, 'AdminModel 默认恢复操作'),
	(512, 'admin', 'AdminModel/deleteForever', 0, 'AdminModel 永久删除'),
	(513, 'admin', 'AdminModel/clear', 0, 'AdminModel 清空回收站'),
	(519, 'admin', 'AdminNode/sort', 0, 'AdminNode 保存排序'),
	(520, 'admin', 'AdminNode/indexOld', 0, 'AdminNode 首页'),
	(522, 'admin', 'AdminUser/delete', 0, 'AdminUser 默认删除操作'),
	(523, 'admin', 'AdminUser/deleteForever', 0, 'AdminUser 永久删除'),
	(524, 'admin', 'AdminUser/clear', 0, 'AdminUser 清空回收站'),
	(525, 'admin', 'Demo/qrcode', 0, 'Demo 二维码生成'),
	(526, 'admin', 'NodeMap/recycleBin', 0, 'NodeMap 回收站'),
	(527, 'admin', 'Test/Index', 0, 'Test '),
	(528, 'admin', 'Test/TestRedis', 0, 'Test @desc redis 测试使用'),
	(529, 'admin', 'Test/RouteRule', 0, 'Test ');
/*!40000 ALTER TABLE `zy_node_map` ENABLE KEYS */;

-- 导出  表 zyadmin.zy_web_log_001 结构
DROP TABLE IF EXISTS `zy_web_log_001`;
CREATE TABLE IF NOT EXISTS `zy_web_log_001` (
  `id` int(10) unsigned NOT NULL AUTO_INCREMENT COMMENT '日志主键',
  `uid` smallint(5) unsigned NOT NULL COMMENT '用户id',
  `ip` char(15) NOT NULL COMMENT '访客ip',
  `location` varchar(255) NOT NULL COMMENT '访客地址',
  `os` varchar(255) NOT NULL COMMENT '操作系统',
  `browser` varchar(255) NOT NULL COMMENT '浏览器',
  `url` varchar(255) NOT NULL COMMENT 'url',
  `module` char(6) NOT NULL COMMENT '模块',
  `map` varchar(255) NOT NULL COMMENT '节点图',
  `is_ajax` tinyint(1) unsigned NOT NULL DEFAULT '0' COMMENT '是否是ajax请求',
  `data` text NOT NULL COMMENT '请求的param数据，serialize后的',
  `otime` int(10) unsigned NOT NULL COMMENT '操作时间',
  PRIMARY KEY (`id`),
  KEY `uid` (`uid`),
  KEY `ip` (`ip`),
  KEY `map` (`map`),
  KEY `otime` (`otime`)
) ENGINE=MyISAM AUTO_INCREMENT=145 DEFAULT CHARSET=utf8 COMMENT='网站日志';

-- 正在导出表  zyadmin.zy_web_log_001 的数据：142 rows
/*!40000 ALTER TABLE `zy_web_log_001` DISABLE KEYS */;
INSERT INTO `zy_web_log_001` (`id`, `uid`, `ip`, `location`, `os`, `browser`, `url`, `module`, `map`, `is_ajax`, `data`, `otime`) VALUES
	(1, 0, '127.0.0.1', '本机地址 本机地址  ', 'Windows 7', 'Chrome(54.0.2840.71)', '/admin/public/index.php/admin/pub/login.html', 'admin', 'Pub\\login', 0, 'a:0:{}', 1482629922),
	(2, 0, '127.0.0.1', '本机地址 本机地址  ', 'Windows 7', 'Chrome(54.0.2840.71)', '/admin/public/index.php/admin/pub/login.html', 'admin', 'Pub\\login', 0, 'a:0:{}', 1482629929),
	(3, 0, '127.0.0.1', '本机地址 本机地址  ', 'Windows 7', 'Chrome(54.0.2840.71)', '/admin/public/index.php/admin/pub/login.html', 'admin', 'Pub\\login', 0, 'a:0:{}', 1482629934),
	(4, 0, '127.0.0.1', '本机地址 本机地址  ', 'Windows 7', 'Chrome(54.0.2840.71)', '/admin/public/index.php/admin/pub/login.html', 'admin', 'Pub\\login', 0, 'a:0:{}', 1482629937),
	(5, 0, '127.0.0.1', '本机地址 本机地址  ', 'Mac', 'Safari(601.1)', '/admin/public/index.php/admin/pub/login.html', 'admin', 'Pub\\login', 0, 'a:0:{}', 1482629947),
	(6, 0, '127.0.0.1', '本机地址 本机地址  ', 'Mac', 'Safari(601.1)', '/admin/public/index.php/admin/pub/login.html', 'admin', 'Pub\\login', 0, 'a:0:{}', 1482629952),
	(7, 0, '127.0.0.1', '本机地址 本机地址  ', 'Mac', 'Safari(601.1)', '/admin/public/index.php/admin/pub/login.html', 'admin', 'Pub\\login', 0, 'a:0:{}', 1482629953),
	(8, 0, '127.0.0.1', '本机地址 本机地址  ', 'Mac', 'Safari(601.1)', '/admin/public/index.php/admin/pub/login.html', 'admin', 'Pub\\login', 0, 'a:0:{}', 1482630132),
	(9, 0, '127.0.0.1', '本机地址 本机地址  ', 'Windows 7', 'Chrome(54.0.2840.71)', '/admin/public/index.php/admin/pub/checklogin.html', 'admin', 'Pub\\checklogin', 1, 'a:4:{s:7:"account";s:5:"admin";s:8:"password";s:6:"123456";s:7:"captcha";s:4:"barD";s:6:"online";s:1:"1";}', 1482630143),
	(10, 1, '127.0.0.1', '本机地址 本机地址  ', 'Windows 7', 'Chrome(54.0.2840.71)', '/admin/public/index.php/admin/admin_group/index.html', 'admin', 'AdminGroup\\index', 0, 'a:0:{}', 1482630153),
	(11, 1, '127.0.0.1', '本机地址 本机地址  ', 'Windows 7', 'Chrome(54.0.2840.71)', '/admin/public/index.php/admin/admin_node/index.html', 'admin', 'AdminNode\\index', 0, 'a:0:{}', 1482630155),
	(12, 1, '127.0.0.1', '本机地址 本机地址  ', 'Windows 7', 'Chrome(54.0.2840.71)', '/admin/public/index.php/admin/admin_role/index.html', 'admin', 'AdminRole\\index', 0, 'a:0:{}', 1482630156),
	(13, 1, '127.0.0.1', '本机地址 本机地址  ', 'Windows 7', 'Chrome(54.0.2840.71)', '/admin/public/index.php/admin/admin_user/index.html', 'admin', 'AdminUser\\index', 0, 'a:0:{}', 1482630157),
	(14, 1, '127.0.0.1', '本机地址 本机地址  ', 'Windows 7', 'Chrome(54.0.2840.71)', '/admin/public/index.php/admin/node_map/index.html', 'admin', 'NodeMap\\index', 0, 'a:0:{}', 1482630158),
	(15, 1, '127.0.0.1', '本机地址 本机地址  ', 'Windows 7', 'Chrome(54.0.2840.71)', '/admin/public/index.php/admin/web_log/index.html', 'admin', 'WebLog\\index', 0, 'a:0:{}', 1482630159),
	(16, 1, '127.0.0.1', '本机地址 本机地址  ', 'Windows 7', 'Chrome(54.0.2840.71)', '/admin/public/index.php/admin/login_log/index.html', 'admin', 'LoginLog\\index', 0, 'a:0:{}', 1482630160),
	(17, 0, '127.0.0.1', '本机地址 本机地址  ', 'Windows 7', 'Chrome(54.0.2840.71)', '/admin/public/index.php/admin/pub/login.html', 'admin', 'Pub\\login', 0, 'a:0:{}', 1483164300),
	(18, 0, '127.0.0.1', '本机地址 本机地址  ', 'Windows 7', 'Chrome(54.0.2840.71)', '/admin/public/index.php/admin/pub/checklogin.html', 'admin', 'Pub\\checklogin', 1, 'a:3:{s:7:"account";s:5:"admin";s:8:"password";s:6:"123456";s:7:"captcha";s:4:"yara";}', 1483168223),
	(19, 0, '127.0.0.1', '本机地址 本机地址  ', 'Windows 7', 'Chrome(54.0.2840.71)', '/admin/public/index.php/admin/pub/checklogin.html', 'admin', 'Pub\\checklogin', 1, 'a:3:{s:7:"account";s:5:"admin";s:8:"password";s:6:"123456";s:7:"captcha";s:4:"3bjh";}', 1483168234),
	(20, 1, '127.0.0.1', '本机地址 本机地址  ', 'Windows 7', 'Chrome(54.0.2840.71)', '/admin/public/index.php/admin/test/index', 'admin', 'Test\\index', 0, 'a:0:{}', 1483168257),
	(21, 1, '127.0.0.1', '本机地址 本机地址  ', 'Windows 7', 'Chrome(54.0.2840.71)', '/admin/public/index.php/admin/test/index', 'admin', 'Test\\index', 0, 'a:0:{}', 1483168354),
	(22, 1, '127.0.0.1', '本机地址 本机地址  ', 'Windows 7', 'Chrome(54.0.2840.71)', '/admin/public/index.php/test', 'admin', 'Test\\index', 0, 'a:0:{}', 1483200862),
	(23, 1, '127.0.0.1', '本机地址 本机地址  ', 'Windows 7', 'Chrome(54.0.2840.71)', '/admin/public/index.php/test', 'admin', 'Test\\index', 0, 'a:0:{}', 1483201062),
	(24, 1, '127.0.0.1', '本机地址 本机地址  ', 'Windows 7', 'Chrome(54.0.2840.71)', '/admin/public/index.php/test', 'admin', 'Test\\index', 0, 'a:0:{}', 1483201133),
	(25, 1, '127.0.0.1', '本机地址 本机地址  ', 'Windows 7', 'Chrome(54.0.2840.71)', '/admin/public/index.php/test', 'admin', 'Test\\index', 0, 'a:0:{}', 1483201134),
	(26, 1, '127.0.0.1', '本机地址 本机地址  ', 'Windows 7', 'Chrome(54.0.2840.71)', '/admin/public/index.php/test', 'admin', 'Test\\index', 0, 'a:0:{}', 1483201135),
	(27, 1, '127.0.0.1', '本机地址 本机地址  ', 'Windows 7', 'Chrome(54.0.2840.71)', '/admin/public/index.php/test', 'admin', 'Test\\index', 0, 'a:0:{}', 1483201136),
	(28, 1, '127.0.0.1', '本机地址 本机地址  ', 'Windows 7', 'Chrome(54.0.2840.71)', '/admin/public/index.php/test', 'admin', 'Test\\index', 0, 'a:0:{}', 1483201172),
	(29, 1, '127.0.0.1', '本机地址 本机地址  ', 'Windows 7', 'Chrome(54.0.2840.71)', '/admin/public/index.php/route.html', 'admin', 'Test\\RouteRule', 0, 'a:0:{}', 1483249541),
	(30, 0, '127.0.0.1', '本机地址 本机地址  ', 'Windows 7', 'Chrome(45.0.2454.101)', '/admin/public/index.php/admin/pub/login.html', 'admin', 'Pub\\login', 0, 'a:0:{}', 1483763980),
	(31, 0, '127.0.0.1', '本机地址 本机地址  ', 'Windows 7', 'Chrome(45.0.2454.101)', '/admin/public/index.php/admin/pub/checklogin.html', 'admin', 'Pub\\checklogin', 1, 'a:3:{s:7:"account";s:5:"admin";s:8:"password";s:6:"000000";s:7:"captcha";s:4:"atqe";}', 1483763999),
	(32, 0, '127.0.0.1', '本机地址 本机地址  ', 'Windows 7', 'Chrome(45.0.2454.101)', '/admin/public/index.php/admin/pub/checklogin.html', 'admin', 'Pub\\checklogin', 1, 'a:3:{s:7:"account";s:5:"admin";s:8:"password";s:6:"123456";s:7:"captcha";s:4:"vged";}', 1483764015),
	(33, 0, '127.0.0.1', '本机地址 本机地址  ', 'Windows 7', 'Chrome(45.0.2454.101)', '/admin/public/index.php/admin/pub/checklogin.html', 'admin', 'Pub\\checklogin', 1, 'a:3:{s:7:"account";s:5:"admin";s:8:"password";s:5:"admin";s:7:"captcha";s:4:"cbwn";}', 1483764028),
	(34, 0, '127.0.0.1', '本机地址 本机地址  ', 'Windows 7', 'Chrome(45.0.2454.101)', '/admin/public/index.php/admin/pub/login.html', 'admin', 'Pub\\login', 0, 'a:0:{}', 1483764030),
	(35, 0, '127.0.0.1', '本机地址 本机地址  ', 'Windows 7', 'Chrome(45.0.2454.101)', '/admin/public/index.php/admin/pub/checklogin.html', 'admin', 'Pub\\checklogin', 1, 'a:3:{s:7:"account";s:5:"admin";s:8:"password";s:5:"admin";s:7:"captcha";s:4:"hltm";}', 1483764043),
	(36, 0, '127.0.0.1', '本机地址 本机地址  ', 'Windows 7', 'Chrome(45.0.2454.101)', '/admin/public/index.php/admin/pub/checklogin.html', 'admin', 'Pub\\checklogin', 1, 'a:3:{s:7:"account";s:5:"admin";s:8:"password";s:8:"!QAZ2wsx";s:7:"captcha";s:4:"2ayd";}', 1483764057),
	(37, 0, '127.0.0.1', '本机地址 本机地址  ', 'Windows 7', 'Chrome(45.0.2454.101)', '/admin/public/index.php/admin/pub/checklogin.html', 'admin', 'Pub\\checklogin', 1, 'a:3:{s:7:"account";s:5:"admin";s:8:"password";s:6:"000000";s:7:"captcha";s:4:"jytu";}', 1483764089),
	(38, 0, '127.0.0.1', '本机地址 本机地址  ', 'Windows 7', 'Chrome(54.0.2840.71)', '/admin/public/index.php/admin/pub/login.html', 'admin', 'Pub\\login', 0, 'a:0:{}', 1483764143),
	(39, 0, '127.0.0.1', '本机地址 本机地址  ', 'Windows 7', 'Chrome(54.0.2840.71)', '/admin/public/index.php/admin/pub/checklogin.html', 'admin', 'Pub\\checklogin', 1, 'a:3:{s:7:"account";s:5:"admin";s:8:"password";s:6:"123456";s:7:"captcha";s:4:"4ge4";}', 1483764252),
	(40, 1, '127.0.0.1', '本机地址 本机地址  ', 'Windows 7', 'Chrome(54.0.2840.71)', '/admin/public/index.php/admin/pub/password.html', 'admin', 'Pub\\password', 0, 'a:0:{}', 1483764259),
	(41, 1, '127.0.0.1', '本机地址 本机地址  ', 'Windows 7', 'Chrome(54.0.2840.71)', '/admin/public/index.php/admin/pub/password.html', 'admin', 'Pub\\password', 1, 'a:4:{s:2:"id";s:0:"";s:11:"oldpassword";s:6:"123456";s:8:"password";s:6:"000000";s:10:"repassword";s:6:"000000";}', 1483764272),
	(42, 0, '127.0.0.1', '本机地址 本机地址  ', 'Windows 7', 'Chrome(45.0.2454.101)', '/admin/public/index.php/admin/pub/checklogin.html', 'admin', 'Pub\\checklogin', 1, 'a:3:{s:7:"account";s:5:"admin";s:8:"password";s:6:"000000";s:7:"captcha";s:4:"jytu";}', 1483764284),
	(43, 0, '127.0.0.1', '本机地址 本机地址  ', 'Windows 7', 'Chrome(45.0.2454.101)', '/admin/public/index.php/admin/pub/login.html', 'admin', 'Pub\\login', 0, 'a:0:{}', 1483764288),
	(44, 0, '127.0.0.1', '本机地址 本机地址  ', 'Windows 7', 'Chrome(45.0.2454.101)', '/admin/public/index.php/admin/pub/checklogin.html', 'admin', 'Pub\\checklogin', 1, 'a:3:{s:7:"account";s:5:"admin";s:8:"password";s:6:"000000";s:7:"captcha";s:4:"fafm";}', 1483764301),
	(45, 1, '127.0.0.1', '本机地址 本机地址  ', 'Windows 7', 'Chrome(45.0.2454.101)', '/admin/public/index.php/admin/generate/index.html', 'admin', 'Generate\\index', 0, 'a:0:{}', 1483789133),
	(46, 1, '127.0.0.1', '本机地址 本机地址  ', 'Windows 7', 'Chrome(45.0.2454.101)', '/admin/public/index.php/admin/generate/run.html', 'admin', 'Generate\\run', 1, 'a:14:{s:4:"file";s:3:"all";s:6:"module";s:5:"admin";s:10:"controller";s:10:"AdminModel";s:5:"title";s:6:"模型";s:4:"form";a:3:{i:0;a:8:{s:5:"title";s:12:"模型名称";s:4:"name";s:4:"name";s:4:"type";s:4:"text";s:6:"option";s:0:"";s:7:"default";s:0:"";s:11:"search_type";s:4:"text";s:7:"require";s:1:"1";s:8:"validate";a:3:{s:8:"datatype";s:1:"*";s:7:"nullmsg";s:27:"模型名称不可以为空";s:8:"errormsg";s:0:"";}}i:1;a:8:{s:5:"title";s:15:"模型表键名";s:4:"name";s:9:"tablename";s:4:"type";s:4:"text";s:6:"option";s:0:"";s:7:"default";s:0:"";s:11:"search_type";s:4:"text";s:7:"require";s:1:"1";s:8:"validate";a:3:{s:8:"datatype";s:1:"*";s:7:"nullmsg";s:30:"模型表键名不可以为空";s:8:"errormsg";s:0:"";}}i:2;a:7:{s:5:"title";s:6:"描述";s:4:"name";s:11:"description";s:4:"type";s:4:"text";s:6:"option";s:0:"";s:7:"default";s:0:"";s:11:"search_type";s:4:"text";s:8:"validate";a:3:{s:8:"datatype";s:0:"";s:7:"nullmsg";s:0:"";s:8:"errormsg";s:0:"";}}}s:12:"create_table";s:1:"1";s:18:"create_table_force";s:1:"1";s:12:"table_engine";s:6:"MyISAM";s:10:"table_name";s:0:"";s:5:"field";a:7:{i:0;a:7:{s:4:"name";s:2:"id";s:4:"type";s:11:"smallint(5)";s:7:"default";s:4:"NULL";s:8:"not_null";s:1:"1";s:3:"key";s:1:"1";s:7:"comment";s:14:"子增主键ID";s:5:"extra";s:23:"AUTO_INCREMENT,unsigned";}i:3;a:5:{s:4:"name";s:4:"name";s:4:"type";s:11:"varchar(30)";s:7:"default";s:4:"NULL";s:7:"comment";s:12:"模型名称";s:5:"extra";s:0:"";}i:2;a:5:{s:4:"name";s:11:"description";s:4:"type";s:12:"varchar(255)";s:7:"default";s:4:"NULL";s:7:"comment";s:15:"模型的描述";s:5:"extra";s:0:"";}i:1;a:5:{s:4:"name";s:9:"tablename";s:4:"type";s:8:"char(30)";s:7:"default";s:4:"NULL";s:7:"comment";s:12:"模型表名";s:5:"extra";s:0:"";}i:4;a:5:{s:4:"name";s:8:"disabled";s:4:"type";s:10:"tinyint(1)";s:7:"default";s:1:"0";s:7:"comment";s:12:"是否启用";s:5:"extra";s:8:"unsigned";}i:5;a:5:{s:4:"name";s:7:"addtime";s:4:"type";s:7:"int(10)";s:7:"default";s:1:"0";s:7:"comment";s:12:"添加时间";s:5:"extra";s:8:"unsigned";}i:6;a:5:{s:4:"name";s:4:"sort";s:4:"type";s:10:"tinyint(3)";s:7:"default";s:1:"0";s:7:"comment";s:6:"排序";s:5:"extra";s:0:"";}}s:4:"menu";a:5:{i:0;s:3:"add";i:1;s:6:"forbid";i:2;s:6:"resume";i:3;s:6:"delete";i:4;s:10:"recycleBin";}s:5:"model";s:1:"1";s:14:"auto_timestamp";s:1:"1";s:8:"validate";s:1:"1";}', 1483789930),
	(47, 1, '127.0.0.1', '本机地址 本机地址  ', 'Windows 7', 'Chrome(45.0.2454.101)', '/admin/public/index.php/admin/generate/index.html', 'admin', 'Generate\\index', 0, 'a:0:{}', 1483789935),
	(48, 1, '127.0.0.1', '本机地址 本机地址  ', 'Windows 7', 'Chrome(45.0.2454.101)', '/admin/public/index.php/admin/admin_node/index.html', 'admin', 'AdminNode\\index', 0, 'a:0:{}', 1483789962),
	(49, 1, '127.0.0.1', '本机地址 本机地址  ', 'Windows 7', 'Chrome(45.0.2454.101)', '/admin/public/index.php/admin/admin_node/load.html?pid=0', 'admin', 'AdminNode\\load', 0, 'a:1:{s:3:"pid";s:1:"0";}', 1483789965),
	(50, 1, '127.0.0.1', '本机地址 本机地址  ', 'Windows 7', 'Chrome(45.0.2454.101)', '/admin/public/index.php/admin/node_map/index.html', 'admin', 'NodeMap\\index', 0, 'a:0:{}', 1483789969),
	(51, 1, '127.0.0.1', '本机地址 本机地址  ', 'Windows 7', 'Chrome(45.0.2454.101)', '/admin/public/index.php/admin/node_map/load.html', 'admin', 'NodeMap\\load', 1, 'a:0:{}', 1483789971),
	(52, 1, '127.0.0.1', '本机地址 本机地址  ', 'Windows 7', 'Chrome(45.0.2454.101)', '/admin/public/index.php/admin/node_map/index.html', 'admin', 'NodeMap\\index', 0, 'a:0:{}', 1483789973),
	(53, 1, '127.0.0.1', '本机地址 本机地址  ', 'Windows 7', 'Chrome(45.0.2454.101)', '/admin/public/index.php/admin/admin_node/index.html', 'admin', 'AdminNode\\index', 0, 'a:0:{}', 1483789983),
	(54, 1, '127.0.0.1', '本机地址 本机地址  ', 'Windows 7', 'Chrome(45.0.2454.101)', '/admin/public/index.php/admin/admin_group/index.html', 'admin', 'AdminGroup\\index', 0, 'a:0:{}', 1483790135),
	(55, 1, '127.0.0.1', '本机地址 本机地址  ', 'Windows 7', 'Chrome(45.0.2454.101)', '/admin/public/index.php/admin/admin_group/add.html', 'admin', 'AdminGroup\\add', 0, 'a:0:{}', 1483790140),
	(56, 1, '127.0.0.1', '本机地址 本机地址  ', 'Windows 7', 'Chrome(45.0.2454.101)', '/admin/public/index.php/admin/admin_group/add.html', 'admin', 'AdminGroup\\add', 1, 'a:6:{s:2:"id";s:0:"";s:4:"name";s:12:"运营管理";s:4:"icon";s:8:"&#xe63c;";s:4:"sort";s:2:"50";s:6:"status";s:1:"1";s:6:"remark";s:12:"运营管理";}', 1483790253),
	(57, 1, '127.0.0.1', '本机地址 本机地址  ', 'Windows 7', 'Chrome(45.0.2454.101)', '/admin/public/index.php/admin/admin_group/index.html', 'admin', 'AdminGroup\\index', 0, 'a:0:{}', 1483790253),
	(58, 1, '127.0.0.1', '本机地址 本机地址  ', 'Windows 7', 'Chrome(45.0.2454.101)', '/admin/public/index.php/admin/admin_node/edit.html?id=2', 'admin', 'AdminNode\\edit', 0, 'a:1:{s:2:"id";s:1:"2";}', 1483790282),
	(59, 1, '127.0.0.1', '本机地址 本机地址  ', 'Windows 7', 'Chrome(45.0.2454.101)', '/admin/public/index.php/admin/admin_group/index.html', 'admin', 'AdminGroup\\index', 0, 'a:0:{}', 1483790288),
	(60, 1, '127.0.0.1', '本机地址 本机地址  ', 'Windows 7', 'Chrome(45.0.2454.101)', '/admin/public/index.php/admin/admin_node/index.html', 'admin', 'AdminNode\\index', 0, 'a:0:{}', 1483790289),
	(61, 1, '127.0.0.1', '本机地址 本机地址  ', 'Windows 7', 'Chrome(45.0.2454.101)', '/admin/public/index.php/admin/admin_node/add.html?pid=0', 'admin', 'AdminNode\\add', 0, 'a:1:{s:3:"pid";s:1:"0";}', 1483790291),
	(62, 1, '127.0.0.1', '本机地址 本机地址  ', 'Windows 7', 'Chrome(45.0.2454.101)', '/admin/public/index.php/admin/admin_node/add.html?pid=1', 'admin', 'AdminNode\\add', 0, 'a:1:{s:3:"pid";s:1:"1";}', 1483790299),
	(63, 1, '127.0.0.1', '本机地址 本机地址  ', 'Windows 7', 'Chrome(45.0.2454.101)', '/admin/public/index.php/admin/admin_node/add.html', 'admin', 'AdminNode\\add', 1, 'a:9:{s:2:"id";s:0:"";s:3:"pid";s:1:"1";s:5:"level";s:1:"2";s:8:"group_id";s:1:"3";s:5:"title";s:12:"模型管理";s:4:"name";s:10:"AdminModel";s:4:"type";s:1:"1";s:4:"sort";s:2:"50";s:6:"status";s:1:"1";}', 1483790343),
	(64, 1, '127.0.0.1', '本机地址 本机地址  ', 'Windows 7', 'Chrome(45.0.2454.101)', '/admin/public/index.php/admin/admin_node/index.html', 'admin', 'AdminNode\\index', 0, 'a:0:{}', 1483790343),
	(65, 1, '127.0.0.1', '本机地址 本机地址  ', 'Windows 7', 'Chrome(45.0.2454.101)', '/admin/public/index.php/admin/admin_node/edit.html?id=51', 'admin', 'AdminNode\\edit', 0, 'a:1:{s:2:"id";s:2:"51";}', 1483790366),
	(66, 1, '127.0.0.1', '本机地址 本机地址  ', 'Windows 7', 'Chrome(45.0.2454.101)', '/admin/public/index.php/admin/admin_node/add.html?pid=59', 'admin', 'AdminNode\\add', 0, 'a:1:{s:3:"pid";s:2:"59";}', 1483790373),
	(67, 1, '127.0.0.1', '本机地址 本机地址  ', 'Windows 7', 'Chrome(45.0.2454.101)', '/admin/public/index.php/admin/admin_node/add.html?pid=59', 'admin', 'AdminNode\\add', 0, 'a:1:{s:3:"pid";s:2:"59";}', 1483790384),
	(68, 1, '127.0.0.1', '本机地址 本机地址  ', 'Windows 7', 'Chrome(45.0.2454.101)', '/admin/public/index.php/admin/admin_node/add.html', 'admin', 'AdminNode\\add', 1, 'a:9:{s:2:"id";s:0:"";s:3:"pid";s:2:"59";s:5:"level";s:1:"3";s:8:"group_id";s:1:"0";s:5:"title";s:6:"首页";s:4:"name";s:5:"index";s:4:"type";s:1:"0";s:4:"sort";s:2:"50";s:6:"status";s:1:"1";}', 1483790399),
	(69, 1, '127.0.0.1', '本机地址 本机地址  ', 'Windows 7', 'Chrome(45.0.2454.101)', '/admin/public/index.php/admin/admin_node/index.html', 'admin', 'AdminNode\\index', 0, 'a:0:{}', 1483790399),
	(70, 1, '127.0.0.1', '本机地址 本机地址  ', 'Windows 7', 'Chrome(45.0.2454.101)', '/admin/public/index.php/admin/admin_node/edit.html?id=52', 'admin', 'AdminNode\\edit', 0, 'a:1:{s:2:"id";s:2:"52";}', 1483790413),
	(71, 1, '127.0.0.1', '本机地址 本机地址  ', 'Windows 7', 'Chrome(45.0.2454.101)', '/admin/public/index.php/admin/admin_node/add.html?pid=59', 'admin', 'AdminNode\\add', 0, 'a:1:{s:3:"pid";s:2:"59";}', 1483790420),
	(72, 1, '127.0.0.1', '本机地址 本机地址  ', 'Windows 7', 'Chrome(45.0.2454.101)', '/admin/public/index.php/admin/admin_node/add.html', 'admin', 'AdminNode\\add', 1, 'a:9:{s:2:"id";s:0:"";s:3:"pid";s:2:"59";s:5:"level";s:1:"3";s:8:"group_id";s:1:"0";s:5:"title";s:6:"添加";s:4:"name";s:3:"add";s:4:"type";s:1:"0";s:4:"sort";s:2:"50";s:6:"status";s:1:"1";}', 1483790427),
	(73, 1, '127.0.0.1', '本机地址 本机地址  ', 'Windows 7', 'Chrome(45.0.2454.101)', '/admin/public/index.php/admin/admin_node/index.html', 'admin', 'AdminNode\\index', 0, 'a:0:{}', 1483790427),
	(74, 1, '127.0.0.1', '本机地址 本机地址  ', 'Windows 7', 'Chrome(45.0.2454.101)', '/admin/public/index.php/admin/admin_node/edit.html?id=53', 'admin', 'AdminNode\\edit', 0, 'a:1:{s:2:"id";s:2:"53";}', 1483790434),
	(75, 1, '127.0.0.1', '本机地址 本机地址  ', 'Windows 7', 'Chrome(45.0.2454.101)', '/admin/public/index.php/admin/admin_node/add.html?pid=59', 'admin', 'AdminNode\\add', 0, 'a:1:{s:3:"pid";s:2:"59";}', 1483790445),
	(76, 1, '127.0.0.1', '本机地址 本机地址  ', 'Windows 7', 'Chrome(45.0.2454.101)', '/admin/public/index.php/admin/admin_node/add.html', 'admin', 'AdminNode\\add', 1, 'a:9:{s:2:"id";s:0:"";s:3:"pid";s:2:"59";s:5:"level";s:1:"3";s:8:"group_id";s:1:"0";s:5:"title";s:6:"编辑";s:4:"name";s:4:"edit";s:4:"type";s:1:"0";s:4:"sort";s:2:"50";s:6:"status";s:1:"1";}', 1483790454),
	(77, 1, '127.0.0.1', '本机地址 本机地址  ', 'Windows 7', 'Chrome(45.0.2454.101)', '/admin/public/index.php/admin/admin_node/index.html', 'admin', 'AdminNode\\index', 0, 'a:0:{}', 1483790454),
	(78, 1, '127.0.0.1', '本机地址 本机地址  ', 'Windows 7', 'Chrome(45.0.2454.101)', '/admin/public/index.php/admin/admin_model/index.html', 'admin', 'AdminModel\\index', 0, 'a:0:{}', 1483790472),
	(79, 1, '127.0.0.1', '本机地址 本机地址  ', 'Windows 7', 'Chrome(45.0.2454.101)', '/admin/public/index.php/admin/admin_model/add.html', 'admin', 'AdminModel\\add', 0, 'a:0:{}', 1483790474),
	(80, 1, '127.0.0.1', '本机地址 本机地址  ', 'Windows 7', 'Chrome(45.0.2454.101)', '/admin/public/index.php/admin/admin_model/add.html', 'admin', 'AdminModel\\add', 0, 'a:0:{}', 1483790588),
	(81, 1, '127.0.0.1', '本机地址 本机地址  ', 'Windows 7', 'Chrome(45.0.2454.101)', '/admin/public/index.php/admin/admin_model/add.html', 'admin', 'AdminModel\\add', 0, 'a:0:{}', 1483791691),
	(82, 1, '127.0.0.1', '本机地址 本机地址  ', 'Windows 7', 'Chrome(45.0.2454.101)', '/admin/public/index.php/admin/admin_model/add.html', 'admin', 'AdminModel\\add', 0, 'a:0:{}', 1483791724),
	(83, 0, '127.0.0.1', '本机地址 本机地址  ', 'Windows 7', 'Chrome(45.0.2454.101)', '/admin/public/index.php/admin/pub/login.html', 'admin', 'Pub\\login', 0, 'a:0:{}', 1484006031),
	(84, 0, '127.0.0.1', '本机地址 本机地址  ', 'Windows 7', 'Chrome(45.0.2454.101)', '/admin/public/index.php/admin/pub/checklogin.html', 'admin', 'Pub\\checklogin', 1, 'a:3:{s:7:"account";s:5:"admin";s:8:"password";s:6:"000000";s:7:"captcha";s:4:"jwui";}', 1484006039),
	(85, 1, '127.0.0.1', '本机地址 本机地址  ', 'Windows 7', 'Chrome(45.0.2454.101)', '/admin/public/index.php/admin/admin_model/index.html', 'admin', 'AdminModel\\index', 0, 'a:0:{}', 1484006046),
	(86, 1, '127.0.0.1', '本机地址 本机地址  ', 'Windows 7', 'Chrome(45.0.2454.101)', '/admin/public/index.php/admin/admin_model/add.html', 'admin', 'AdminModel\\add', 0, 'a:0:{}', 1484006048),
	(87, 0, '127.0.0.1', '本机地址 本机地址  ', 'Windows 7', 'Chrome(54.0.2840.71)', '/admin/index.php/admin/pub/login.html', 'admin', 'Pub\\login', 0, 'a:0:{}', 1484994245),
	(88, 0, '127.0.0.1', '本机地址 本机地址  ', 'Windows 7', 'Chrome(54.0.2840.71)', '/admin/index.php/admin/pub/login.html', 'admin', 'Pub\\login', 0, 'a:0:{}', 1484994576),
	(89, 0, '127.0.0.1', '本机地址 本机地址  ', 'Windows 7', 'Chrome(54.0.2840.71)', '/admin/index.php/admin/pub/checklogin.html', 'admin', 'Pub\\checklogin', 1, 'a:4:{s:7:"account";s:5:"admin";s:8:"password";s:6:"000000";s:7:"captcha";s:4:"wwdp";s:6:"online";s:1:"1";}', 1484994587),
	(90, 1, '127.0.0.1', '本机地址 本机地址  ', 'Windows 7', 'Chrome(54.0.2840.71)', '/admin/index.php/admin/admin_model/index.html', 'admin', 'AdminModel\\index', 0, 'a:0:{}', 1484994601),
	(91, 1, '127.0.0.1', '本机地址 本机地址  ', 'Windows 7', 'Chrome(54.0.2840.71)', '/admin/index.php/admin/admin_model/add.html', 'admin', 'AdminModel\\add', 0, 'a:0:{}', 1484995442),
	(92, 1, '127.0.0.1', '本机地址 本机地址  ', 'Windows 7', 'Chrome(54.0.2840.71)', '/admin/index.php/admin/admin_model/index.html', 'admin', 'AdminModel\\index', 0, 'a:0:{}', 1485001953),
	(93, 1, '127.0.0.1', '本机地址 本机地址  ', 'Windows 7', 'Chrome(54.0.2840.71)', '/admin/index.php/admin/admin_model/index.html?', 'admin', 'AdminModel\\index', 0, 'a:0:{}', 1485001955),
	(94, 1, '127.0.0.1', '本机地址 本机地址  ', 'Windows 7', 'Chrome(54.0.2840.71)', '/admin/index.php/admin/admin_model/index.html', 'admin', 'AdminModel\\index', 0, 'a:0:{}', 1485006148),
	(95, 1, '127.0.0.1', '本机地址 本机地址  ', 'Windows 7', 'Chrome(54.0.2840.71)', '/admin/index.php/admin/admin_model/add.html', 'admin', 'AdminModel\\add', 0, 'a:0:{}', 1485006149),
	(96, 0, '127.0.0.1', '本机地址 本机地址  ', 'Windows 7', 'Chrome(54.0.2840.71)', '/admin/index.php/admin/pub/login.html', 'admin', 'Pub\\login', 0, 'a:0:{}', 1486276182),
	(97, 0, '127.0.0.1', '本机地址 本机地址  ', 'Windows 7', 'Chrome(54.0.2840.71)', '/admin/index.php/admin/pub/checklogin.html', 'admin', 'Pub\\checklogin', 1, 'a:3:{s:7:"account";s:5:"admin";s:8:"password";s:6:"000000";s:7:"captcha";s:4:"nhs2";}', 1486276191),
	(98, 1, '127.0.0.1', '本机地址 本机地址  ', 'Windows 7', 'Chrome(54.0.2840.71)', '/admin/index.php/admin/admin_model/index.html', 'admin', 'AdminModel\\index', 0, 'a:0:{}', 1486276195),
	(99, 1, '127.0.0.1', '本机地址 本机地址  ', 'Windows 7', 'Chrome(54.0.2840.71)', '/admin/index.php/admin/generate/index.html', 'admin', 'Generate\\index', 0, 'a:0:{}', 1486276208),
	(100, 1, '127.0.0.1', '本机地址 本机地址  ', 'Windows 7', 'Chrome(54.0.2840.71)', '/admin/index.php/admin/generate/index.html', 'admin', 'Generate\\index', 0, 'a:0:{}', 1486276225),
	(101, 1, '127.0.0.1', '本机地址 本机地址  ', 'Windows 7', 'Chrome(54.0.2840.71)', '/admin/index.php/admin/generate/index.html', 'admin', 'Generate\\index', 0, 'a:0:{}', 1486276234),
	(102, 1, '127.0.0.1', '本机地址 本机地址  ', 'Windows 7', 'Chrome(54.0.2840.71)', '/admin/index.php/admin/admin_model/index.html', 'admin', 'AdminModel\\index', 0, 'a:0:{}', 1486280385),
	(103, 1, '127.0.0.1', '本机地址 本机地址  ', 'Windows 7', 'Chrome(54.0.2840.71)', '/admin/index.php/admin/admin_model/add.html', 'admin', 'AdminModel\\add', 0, 'a:0:{}', 1486280390),
	(104, 1, '127.0.0.1', '本机地址 本机地址  ', 'Windows 7', 'Chrome(54.0.2840.71)', '/admin/index.php/admin/admin_model/add.html', 'admin', 'AdminModel\\add', 0, 'a:0:{}', 1486280392),
	(105, 1, '127.0.0.1', '本机地址 本机地址  ', 'Windows 7', 'Chrome(54.0.2840.71)', '/admin/index.php/admin/admin_model/recyclebin.html', 'admin', 'AdminModel\\recyclebin', 0, 'a:0:{}', 1486286615),
	(106, 1, '127.0.0.1', '本机地址 本机地址  ', 'Windows 7', 'Chrome(54.0.2840.71)', '/admin/index.php/admin/admin_model/index.html', 'admin', 'AdminModel\\index', 0, 'a:0:{}', 1486286670),
	(107, 1, '127.0.0.1', '本机地址 本机地址  ', 'Windows 7', 'Chrome(54.0.2840.71)', '/admin/index.php/admin/admin_model/index.html', 'admin', 'AdminModel\\index', 0, 'a:0:{}', 1486286672),
	(108, 1, '127.0.0.1', '本机地址 本机地址  ', 'Windows 7', 'Chrome(54.0.2840.71)', '/admin/index.php/admin/admin_model/index.html', 'admin', 'AdminModel\\index', 0, 'a:0:{}', 1486286672),
	(109, 1, '127.0.0.1', '本机地址 本机地址  ', 'Windows 7', 'Chrome(54.0.2840.71)', '/admin/index.php/admin/admin_model/delete.html', 'admin', 'AdminModel\\delete', 1, 'a:1:{s:2:"id";s:0:"";}', 1486286677),
	(110, 1, '127.0.0.1', '本机地址 本机地址  ', 'Windows 7', 'Chrome(54.0.2840.71)', '/admin/index.php/admin/admin_model/index.html', 'admin', 'AdminModel\\index', 0, 'a:0:{}', 1486286677),
	(111, 1, '127.0.0.1', '本机地址 本机地址  ', 'Windows 7', 'Chrome(54.0.2840.71)', '/admin/index.php/admin/admin_model/resume.html', 'admin', 'AdminModel\\resume', 1, 'a:1:{s:2:"id";s:0:"";}', 1486286681),
	(112, 1, '127.0.0.1', '本机地址 本机地址  ', 'Windows 7', 'Chrome(54.0.2840.71)', '/admin/index.php/admin/admin_model/index.html', 'admin', 'AdminModel\\index', 0, 'a:0:{}', 1486286681),
	(113, 1, '127.0.0.1', '本机地址 本机地址  ', 'Windows 7', 'Chrome(54.0.2840.71)', '/admin/index.php/admin/admin_model/forbid.html', 'admin', 'AdminModel\\forbid', 1, 'a:1:{s:2:"id";s:0:"";}', 1486286684),
	(114, 1, '127.0.0.1', '本机地址 本机地址  ', 'Windows 7', 'Chrome(54.0.2840.71)', '/admin/index.php/admin/admin_model/index.html', 'admin', 'AdminModel\\index', 0, 'a:0:{}', 1486286684),
	(115, 1, '127.0.0.1', '本机地址 本机地址  ', 'Windows 7', 'Chrome(54.0.2840.71)', '/admin/index.php/admin/admin_model/add.html', 'admin', 'AdminModel\\add', 0, 'a:0:{}', 1486286686),
	(116, 1, '127.0.0.1', '本机地址 本机地址  ', 'Windows 7', 'Chrome(54.0.2840.71)', '/admin/index.php/admin/admin_model/add.html', 'admin', 'AdminModel\\add', 0, 'a:0:{}', 1486306299),
	(117, 1, '127.0.0.1', '本机地址 本机地址  ', 'Windows 7', 'Chrome(54.0.2840.71)', '/admin/index.php/admin/admin_model/add.html', 'admin', 'AdminModel\\add', 1, 'a:4:{s:2:"id";s:0:"";s:4:"name";s:13:"ouyangjuntest";s:9:"tablename";s:13:"ouyangjuntest";s:11:"description";s:13:"ouyangjuntest";}', 1486306325),
	(118, 1, '127.0.0.1', '本机地址 本机地址  ', 'Windows 7', 'Chrome(54.0.2840.71)', '/admin/index.php/admin/admin_model/add.html', 'admin', 'AdminModel\\add', 1, 'a:4:{s:2:"id";s:0:"";s:4:"name";s:13:"ouyangjuntest";s:9:"tablename";s:13:"ouyangjuntest";s:11:"description";s:13:"ouyangjuntest";}', 1486306351),
	(119, 1, '127.0.0.1', '本机地址 本机地址  ', 'Windows 7', 'Chrome(54.0.2840.71)', '/admin/index.php/admin/admin_model/index.html', 'admin', 'AdminModel\\index', 0, 'a:0:{}', 1486306433),
	(120, 1, '127.0.0.1', '本机地址 本机地址  ', 'Windows 7', 'Chrome(54.0.2840.71)', '/admin/index.php/admin/admin_model/index.html', 'admin', 'AdminModel\\index', 0, 'a:0:{}', 1486306439),
	(121, 1, '127.0.0.1', '本机地址 本机地址  ', 'Windows 7', 'Chrome(54.0.2840.71)', '/admin/index.php/admin/admin_model/add.html', 'admin', 'AdminModel\\add', 0, 'a:0:{}', 1486306440),
	(122, 1, '127.0.0.1', '本机地址 本机地址  ', 'Windows 7', 'Chrome(54.0.2840.71)', '/admin/index.php/admin/admin_model/add.html', 'admin', 'AdminModel\\add', 1, 'a:4:{s:2:"id";s:0:"";s:4:"name";s:13:"ouyangjuntest";s:9:"tablename";s:13:"ouyangjuntest";s:11:"description";s:13:"ouyangjuntest";}', 1486306451),
	(123, 1, '127.0.0.1', '本机地址 本机地址  ', 'Windows 7', 'Chrome(54.0.2840.71)', '/admin/index.php/admin/admin_model/index.html', 'admin', 'AdminModel\\index', 0, 'a:0:{}', 1486306451),
	(124, 1, '127.0.0.1', '本机地址 本机地址  ', 'Windows 7', 'Chrome(54.0.2840.71)', '/admin/index.php/admin/admin_model/edit/id/1.html', 'admin', 'AdminModel\\edit', 0, 'a:1:{s:2:"id";s:1:"1";}', 1486306456),
	(125, 1, '127.0.0.1', '本机地址 本机地址  ', 'Windows 7', 'Chrome(54.0.2840.71)', '/admin/index.php/admin/admin_model/edit/id/1.html', 'admin', 'AdminModel\\edit', 0, 'a:1:{s:2:"id";s:1:"1";}', 1486306460),
	(126, 1, '127.0.0.1', '本机地址 本机地址  ', 'Windows 7', 'Chrome(54.0.2840.71)', '/admin/index.php/admin/admin_group/index.html', 'admin', 'AdminGroup\\index', 0, 'a:0:{}', 1486306711),
	(127, 1, '127.0.0.1', '本机地址 本机地址  ', 'Windows 7', 'Chrome(54.0.2840.71)', '/admin/index.php/admin/admin_model/index.html', 'admin', 'AdminModel\\index', 0, 'a:0:{}', 1486306714),
	(128, 1, '127.0.0.1', '本机地址 本机地址  ', 'Windows 7', 'Chrome(54.0.2840.71)', '/admin/index.php/admin/admin_group/index.html', 'admin', 'AdminGroup\\index', 0, 'a:0:{}', 1486306718),
	(129, 1, '127.0.0.1', '本机地址 本机地址  ', 'Windows 7', 'Chrome(54.0.2840.71)', '/admin/index.php/admin/admin_node/index.html', 'admin', 'AdminNode\\index', 0, 'a:0:{}', 1486306724),
	(130, 1, '127.0.0.1', '本机地址 本机地址  ', 'Windows 7', 'Chrome(54.0.2840.71)', '/admin/index.php/admin/admin_role/index.html', 'admin', 'AdminRole\\index', 0, 'a:0:{}', 1486306727),
	(131, 1, '127.0.0.1', '本机地址 本机地址  ', 'Windows 7', 'Chrome(54.0.2840.71)', '/admin/index.php/admin/admin_user/index.html', 'admin', 'AdminUser\\index', 0, 'a:0:{}', 1486306728),
	(132, 1, '127.0.0.1', '本机地址 本机地址  ', 'Windows 7', 'Chrome(54.0.2840.71)', '/admin/index.php/admin/node_map/index.html', 'admin', 'NodeMap\\index', 0, 'a:0:{}', 1486306730),
	(133, 1, '127.0.0.1', '本机地址 本机地址  ', 'Windows 7', 'Chrome(54.0.2840.71)', '/admin/index.php/admin/web_log/index.html', 'admin', 'WebLog\\index', 0, 'a:0:{}', 1486306733),
	(134, 1, '127.0.0.1', '本机地址 本机地址  ', 'Windows 7', 'Chrome(54.0.2840.71)', '/admin/index.php/admin/login_log/index.html', 'admin', 'LoginLog\\index', 0, 'a:0:{}', 1486306734),
	(135, 1, '127.0.0.1', '本机地址 本机地址  ', 'Windows 7', 'Chrome(54.0.2840.71)', '/admin/index.php/admin/generate/index.html', 'admin', 'Generate\\index', 0, 'a:0:{}', 1486306917),
	(136, 1, '127.0.0.1', '本机地址 本机地址  ', 'Windows 7', 'Chrome(54.0.2840.71)', '/admin/index.php/admin/generate/index.html?table=zy_admin_model_field', 'admin', 'Generate\\index', 0, 'a:1:{s:5:"table";s:20:"zy_admin_model_field";}', 1486306929),
	(137, 1, '127.0.0.1', '本机地址 本机地址  ', 'Windows 7', 'Chrome(54.0.2840.71)', '/admin/index.php/admin/generate/run.html', 'admin', 'Generate\\run', 1, 'a:7:{s:4:"file";s:3:"all";s:6:"module";s:5:"admin";s:10:"controller";s:15:"AdminModelField";s:5:"title";s:0:"";s:4:"form";a:11:{i:3;a:7:{s:5:"title";s:9:"字段名";s:4:"name";s:5:"field";s:4:"type";s:4:"text";s:6:"option";s:0:"";s:7:"default";s:0:"";s:11:"search_type";s:4:"text";s:8:"validate";a:3:{s:8:"datatype";s:0:"";s:7:"nullmsg";s:0:"";s:8:"errormsg";s:0:"";}}i:4;a:7:{s:5:"title";s:12:"字段说明";s:4:"name";s:4:"name";s:4:"type";s:4:"text";s:6:"option";s:0:"";s:7:"default";s:0:"";s:11:"search_type";s:4:"text";s:8:"validate";a:3:{s:8:"datatype";s:0:"";s:7:"nullmsg";s:0:"";s:8:"errormsg";s:0:"";}}i:5;a:7:{s:5:"title";s:12:"字段提示";s:4:"name";s:4:"tips";s:4:"type";s:8:"textarea";s:6:"option";s:0:"";s:7:"default";s:0:"";s:11:"search_type";s:4:"text";s:8:"validate";a:3:{s:8:"datatype";s:0:"";s:7:"nullmsg";s:0:"";s:8:"errormsg";s:0:"";}}i:6;a:7:{s:5:"title";s:15:"表单样式名";s:4:"name";s:3:"css";s:4:"type";s:4:"text";s:6:"option";s:0:"";s:7:"default";s:0:"";s:11:"search_type";s:4:"text";s:8:"validate";a:3:{s:8:"datatype";s:0:"";s:7:"nullmsg";s:0:"";s:8:"errormsg";s:0:"";}}i:7;a:7:{s:5:"title";s:36:"字符串长度取值范围最小值";s:4:"name";s:9:"minlength";s:4:"type";s:4:"text";s:6:"option";s:0:"";s:7:"default";s:0:"";s:11:"search_type";s:4:"text";s:8:"validate";a:3:{s:8:"datatype";s:0:"";s:7:"nullmsg";s:0:"";s:8:"errormsg";s:0:"";}}i:8;a:7:{s:5:"title";s:36:"字符串长度取值范围最大致";s:4:"name";s:9:"maxlength";s:4:"type";s:4:"text";s:6:"option";s:0:"";s:7:"default";s:0:"";s:11:"search_type";s:4:"text";s:8:"validate";a:3:{s:8:"datatype";s:0:"";s:7:"nullmsg";s:0:"";s:8:"errormsg";s:0:"";}}i:9;a:7:{s:5:"title";s:18:"数据校验规则";s:4:"name";s:7:"pattern";s:4:"type";s:4:"text";s:6:"option";s:0:"";s:7:"default";s:0:"";s:11:"search_type";s:4:"text";s:8:"validate";a:3:{s:8:"datatype";s:0:"";s:7:"nullmsg";s:0:"";s:8:"errormsg";s:0:"";}}i:10;a:7:{s:5:"title";s:12:"错误提示";s:4:"name";s:9:"errortips";s:4:"type";s:4:"text";s:6:"option";s:0:"";s:7:"default";s:0:"";s:11:"search_type";s:4:"text";s:8:"validate";a:3:{s:8:"datatype";s:0:"";s:7:"nullmsg";s:0:"";s:8:"errormsg";s:0:"";}}i:11;a:7:{s:5:"title";s:12:"字段类型";s:4:"name";s:8:"formtype";s:4:"type";s:6:"select";s:6:"option";s:0:"";s:7:"default";s:0:"";s:11:"search_type";s:4:"text";s:8:"validate";a:3:{s:8:"datatype";s:0:"";s:7:"nullmsg";s:0:"";s:8:"errormsg";s:0:"";}}i:13;a:7:{s:5:"title";s:9:"值唯一";s:4:"name";s:8:"isunique";s:4:"type";s:5:"radio";s:6:"option";s:0:"";s:7:"default";s:0:"";s:11:"search_type";s:4:"text";s:8:"validate";a:3:{s:8:"datatype";s:0:"";s:7:"nullmsg";s:0:"";s:8:"errormsg";s:0:"";}}i:14;a:7:{s:5:"title";s:12:"是否可用";s:4:"name";s:8:"disabled";s:4:"type";s:5:"radio";s:6:"option";s:0:"";s:7:"default";s:0:"";s:11:"search_type";s:4:"text";s:8:"validate";a:3:{s:8:"datatype";s:0:"";s:7:"nullmsg";s:0:"";s:8:"errormsg";s:0:"";}}}s:4:"menu";a:5:{i:0;s:3:"add";i:1;s:6:"forbid";i:2;s:6:"resume";i:3;s:6:"delete";i:4;s:10:"recycleBin";}s:5:"model";s:1:"1";}', 1486307358),
	(138, 1, '127.0.0.1', '本机地址 本机地址  ', 'Windows 7', 'Chrome(54.0.2840.71)', '/admin/index.php/admin/generate/index.html?table=zy_admin_model_field', 'admin', 'Generate\\index', 0, 'a:1:{s:5:"table";s:20:"zy_admin_model_field";}', 1486307368),
	(139, 1, '127.0.0.1', '本机地址 本机地址  ', 'Windows 7', 'Chrome(54.0.2840.71)', '/admin/index.php/admin/admin_model/index.html', 'admin', 'AdminModel\\index', 0, 'a:0:{}', 1486307396),
	(140, 1, '127.0.0.1', '本机地址 本机地址  ', 'Windows 7', 'Chrome(54.0.2840.71)', '/admin/index.php/admin/admin_model/index.html', 'admin', 'AdminModel\\index', 0, 'a:0:{}', 1486307409),
	(141, 1, '127.0.0.1', '本机地址 本机地址  ', 'Windows 7', 'Chrome(54.0.2840.71)', '/admin/index.php/admin/admin_model/index.html', 'admin', 'AdminModel\\index', 0, 'a:0:{}', 1486307417),
	(142, 1, '127.0.0.1', '本机地址 本机地址  ', 'Windows 7', 'Chrome(54.0.2840.71)', '/admin/index.php/admin/admin_model_field/index.html', 'admin', 'AdminModelField\\index', 0, 'a:0:{}', 1486307431),
	(143, 1, '127.0.0.1', '本机地址 本机地址  ', 'Windows 7', 'Chrome(54.0.2840.71)', '/admin/index.php/admin/admin_model_field/index.html', 'admin', 'AdminModelField\\index', 0, 'a:0:{}', 1486307517),
	(144, 1, '127.0.0.1', '本机地址 本机地址  ', 'Windows 7', 'Chrome(54.0.2840.71)', '/admin/index.php/admin/admin_model_field/add.html', 'admin', 'AdminModelField\\add', 0, 'a:0:{}', 1486307530);
/*!40000 ALTER TABLE `zy_web_log_001` ENABLE KEYS */;

-- 导出  表 zyadmin.zy_web_log_all 结构
DROP TABLE IF EXISTS `zy_web_log_all`;
CREATE TABLE IF NOT EXISTS `zy_web_log_all` (
  `id` int(10) unsigned NOT NULL AUTO_INCREMENT COMMENT '日志主键',
  `uid` smallint(5) unsigned NOT NULL COMMENT '用户id',
  `ip` char(15) NOT NULL COMMENT '访客ip',
  `location` varchar(255) NOT NULL COMMENT '访客地址',
  `os` varchar(255) NOT NULL COMMENT '操作系统',
  `browser` varchar(255) NOT NULL COMMENT '浏览器',
  `url` varchar(255) NOT NULL COMMENT 'url',
  `module` char(6) NOT NULL COMMENT '模块',
  `map` varchar(255) NOT NULL COMMENT '节点图',
  `is_ajax` tinyint(1) unsigned NOT NULL DEFAULT '0' COMMENT '是否是ajax请求',
  `data` text NOT NULL COMMENT '请求的param数据，serialize后的',
  `otime` int(10) unsigned NOT NULL COMMENT '操作时间',
  KEY `id` (`id`),
  KEY `uid` (`uid`),
  KEY `ip` (`ip`),
  KEY `map` (`map`),
  KEY `otime` (`otime`)
) ENGINE=MRG_MyISAM DEFAULT CHARSET=utf8 INSERT_METHOD=LAST UNION=(`zy_web_log_001`);

-- Table data not exported because this is MRG_MYISAM table which holds its data in separate tables.
/*!40101 SET SQL_MODE=IFNULL(@OLD_SQL_MODE, '') */;
/*!40014 SET FOREIGN_KEY_CHECKS=IF(@OLD_FOREIGN_KEY_CHECKS IS NULL, 1, @OLD_FOREIGN_KEY_CHECKS) */;
/*!40101 SET CHARACTER_SET_CLIENT=@OLD_CHARACTER_SET_CLIENT */;
